ISO-10303-21;
HEADER;
FILE_DESCRIPTION(('ViewDefinition [CoordinationView]'),'2;1');
FILE_NAME('','2026-04-13T14:37:48',(''),(''),'IfcOpenShell 0.8.4-e8eb5e4','IfcOpenShell 0.8.4-e8eb5e4','');
FILE_SCHEMA(('IFC2X3'));
ENDSEC;
DATA;
#1=IFCOWNERHISTORY($,$,$,$,$,$,$,$);
#2=IFCPERSON('OsdagUser','User',$,$,$,$,$,$);
#3=IFCORGANIZATION('Osdag','Osdag',$,$,$);
#4=IFCPERSONANDORGANIZATION(#2,#3,$);
#5=IFCAPPLICATION(#3,'1.0','Osdag Structural Design','OSDAG');
#6=IFCOWNERHISTORY(#4,#5,$,.ADDED.,$,$,$,1776071268);
#7=IFCSIUNIT(*,.LENGTHUNIT.,.MILLI.,.METRE.);
#8=IFCSIUNIT(*,.AREAUNIT.,$,.SQUARE_METRE.);
#9=IFCSIUNIT(*,.VOLUMEUNIT.,$,.CUBIC_METRE.);
#10=IFCSIUNIT(*,.MASSUNIT.,.KILO.,.GRAM.);
#11=IFCSIUNIT(*,.PLANEANGLEUNIT.,$,.RADIAN.);
#12=IFCUNITASSIGNMENT((#7,#8,#9,#10,#11));
#13=IFCCARTESIANPOINT((0.,0.,0.));
#14=IFCDIRECTION((0.,0.,1.));
#15=IFCDIRECTION((1.,0.,0.));
#16=IFCAXIS2PLACEMENT3D(#13,#14,#15);
#17=IFCDIRECTION((0.,1.,0.));
#18=IFCGEOMETRICREPRESENTATIONCONTEXT($,'Model',3,1.E-05,#16,#17);
#19=IFCPROJECT('1RIDhNG$zI_PHO4xBqnrHO',#6,'Osdag Connection Design',$,$,$,$,(#18),#12);
#20=IFCSITE('0rkiksGLfQSwB2LfqbwtKG',#6,'Site',$,$,$,$,$,.COMPLEX.,$,$,$,$,$);
#21=IFCRELAGGREGATES('3BdttSGVrDp9UTE_xLIJAO',#6,$,$,#19,(#20));
#22=IFCBUILDING('24uyzAHTfJsxIQaaX2cD42',#6,'Building',$,$,$,$,$,.COMPLEX.,$,$,$);
#23=IFCRELAGGREGATES('0RaPBltYTCcu0evlqionjI',#6,$,$,#20,(#22));
#24=IFCBUILDINGSTOREY('0ct$sI_tDUTuLtB_4Gsify',#6,'Level 1',$,$,$,$,$,.COMPLEX.,0.);
#25=IFCRELAGGREGATES('11fV_QeVH9l90iBos_4GWm',#6,$,$,#22,(#24));
#26=IFCCARTESIANPOINT((0.,0.,0.));
#27=IFCDIRECTION((0.,0.,1.));
#28=IFCDIRECTION((1.,0.,0.));
#29=IFCAXIS2PLACEMENT3D(#26,#27,#28);
#30=IFCCARTESIANPOINT((4.9,211.3));
#31=IFCCARTESIANPOINT((125.,211.3));
#32=IFCCARTESIANPOINT((125.,225.));
#33=IFCCARTESIANPOINT((-125.,225.));
#34=IFCCARTESIANPOINT((-125.,211.3));
#35=IFCCARTESIANPOINT((-4.9,211.3));
#36=IFCCARTESIANPOINT((-4.9,-211.3));
#37=IFCCARTESIANPOINT((-125.,-211.3));
#38=IFCCARTESIANPOINT((-125.,-225.));
#39=IFCCARTESIANPOINT((125.,-225.));
#40=IFCCARTESIANPOINT((125.,-211.3));
#41=IFCCARTESIANPOINT((4.9,-211.3));
#42=IFCCARTESIANPOINT((4.9,211.3));
#43=IFCPOLYLINE((#30,#31,#32,#33,#34,#35,#36,#37,#38,#39,#40,#41,#42));
#44=IFCARBITRARYCLOSEDPROFILEDEF(.AREA.,$,#43);
#45=IFCDIRECTION((0.,0.,1.));
#46=IFCEXTRUDEDAREASOLID(#44,#29,#45,1475.);
#47=IFCSHAPEREPRESENTATION(#18,'Body','SweptSolid',(#46));
#48=IFCPRODUCTDEFINITIONSHAPE($,$,(#47));
#49=IFCCOLUMN('29qH59Yj95YQeJqM$gb4xJ',#6,'Column',$,$,$,#48,$);
#50=IFCCARTESIANPOINT((0.,0.));
#51=IFCDIRECTION((1.,0.));
#52=IFCAXIS2PLACEMENT2D(#50,#51);
#53=IFCCIRCLEPROFILEDEF(.AREA.,$,#52,9.);
#54=IFCCARTESIANPOINT((-48.,-328.,910.1));
#55=IFCDIRECTION((0.,1.,0.));
#56=IFCDIRECTION((1.,0.,0.));
#57=IFCAXIS2PLACEMENT3D(#54,#55,#56);
#58=IFCDIRECTION((0.,0.,1.));
#59=IFCEXTRUDEDAREASOLID(#53,#57,#58,213.);
#60=IFCCARTESIANPOINT((0.,0.,0.));
#61=IFCAXIS2PLACEMENT3D(#60,$,$);
#62=IFCLOCALPLACEMENT($,#61);
#63=IFCSHAPEREPRESENTATION(#18,'Body','SweptSolid',(#59));
#64=IFCPRODUCTDEFINITIONSHAPE($,$,(#63));
#65=IFCOPENINGELEMENT('1ch8fJziz3uQIrkEfXbeAl',#6,'Bolt Hole',$,$,#62,#64,$);
#66=IFCRELVOIDSELEMENT('1CVEOpSG119eTOvtcXdbPi',#6,$,$,#49,#65);
#67=IFCCARTESIANPOINT((0.,0.));
#68=IFCDIRECTION((1.,0.));
#69=IFCAXIS2PLACEMENT2D(#67,#68);
#70=IFCCIRCLEPROFILEDEF(.AREA.,$,#69,9.);
#71=IFCCARTESIANPOINT((48.,-328.,910.1));
#72=IFCDIRECTION((0.,1.,0.));
#73=IFCDIRECTION((1.,0.,0.));
#74=IFCAXIS2PLACEMENT3D(#71,#72,#73);
#75=IFCDIRECTION((0.,0.,1.));
#76=IFCEXTRUDEDAREASOLID(#70,#74,#75,213.);
#77=IFCCARTESIANPOINT((0.,0.,0.));
#78=IFCAXIS2PLACEMENT3D(#77,$,$);
#79=IFCLOCALPLACEMENT($,#78);
#80=IFCSHAPEREPRESENTATION(#18,'Body','SweptSolid',(#76));
#81=IFCPRODUCTDEFINITIONSHAPE($,$,(#80));
#82=IFCOPENINGELEMENT('0Pm_cnib93Bx3nq29FNT0B',#6,'Bolt Hole',$,$,#79,#81,$);
#83=IFCRELVOIDSELEMENT('0XHYumOqD3399KzK2UNeIu',#6,$,$,#49,#82);
#84=IFCCARTESIANPOINT((0.,0.));
#85=IFCDIRECTION((1.,0.));
#86=IFCAXIS2PLACEMENT2D(#84,#85);
#87=IFCCIRCLEPROFILEDEF(.AREA.,$,#86,9.);
#88=IFCCARTESIANPOINT((-48.,-328.,564.9));
#89=IFCDIRECTION((0.,1.,0.));
#90=IFCDIRECTION((1.,0.,0.));
#91=IFCAXIS2PLACEMENT3D(#88,#89,#90);
#92=IFCDIRECTION((0.,0.,1.));
#93=IFCEXTRUDEDAREASOLID(#87,#91,#92,213.);
#94=IFCCARTESIANPOINT((0.,0.,0.));
#95=IFCAXIS2PLACEMENT3D(#94,$,$);
#96=IFCLOCALPLACEMENT($,#95);
#97=IFCSHAPEREPRESENTATION(#18,'Body','SweptSolid',(#93));
#98=IFCPRODUCTDEFINITIONSHAPE($,$,(#97));
#99=IFCOPENINGELEMENT('2IT5V$bvL2NenGEyzek25C',#6,'Bolt Hole',$,$,#96,#98,$);
#100=IFCRELVOIDSELEMENT('2HmzaL9W1BLxnrX2fvGx4t',#6,$,$,#49,#99);
#101=IFCCARTESIANPOINT((0.,0.));
#102=IFCDIRECTION((1.,0.));
#103=IFCAXIS2PLACEMENT2D(#101,#102);
#104=IFCCIRCLEPROFILEDEF(.AREA.,$,#103,9.);
#105=IFCCARTESIANPOINT((48.,-328.,564.9));
#106=IFCDIRECTION((0.,1.,0.));
#107=IFCDIRECTION((1.,0.,0.));
#108=IFCAXIS2PLACEMENT3D(#105,#106,#107);
#109=IFCDIRECTION((0.,0.,1.));
#110=IFCEXTRUDEDAREASOLID(#104,#108,#109,213.);
#111=IFCCARTESIANPOINT((0.,0.,0.));
#112=IFCAXIS2PLACEMENT3D(#111,$,$);
#113=IFCLOCALPLACEMENT($,#112);
#114=IFCSHAPEREPRESENTATION(#18,'Body','SweptSolid',(#110));
#115=IFCPRODUCTDEFINITIONSHAPE($,$,(#114));
#116=IFCOPENINGELEMENT('1vWHKlaqv4NhGPSZ8bvOmD',#6,'Bolt Hole',$,$,#113,#115,$);
#117=IFCRELVOIDSELEMENT('26y9x_fVTDxg2I5VXS6Xo5',#6,$,$,#49,#116);
#118=IFCCARTESIANPOINT((0.,0.));
#119=IFCDIRECTION((1.,0.));
#120=IFCAXIS2PLACEMENT2D(#118,#119);
#121=IFCCIRCLEPROFILEDEF(.AREA.,$,#120,9.);
#122=IFCCARTESIANPOINT((-48.,-328.,855.1));
#123=IFCDIRECTION((0.,1.,0.));
#124=IFCDIRECTION((1.,0.,0.));
#125=IFCAXIS2PLACEMENT3D(#122,#123,#124);
#126=IFCDIRECTION((0.,0.,1.));
#127=IFCEXTRUDEDAREASOLID(#121,#125,#126,213.);
#128=IFCCARTESIANPOINT((0.,0.,0.));
#129=IFCAXIS2PLACEMENT3D(#128,$,$);
#130=IFCLOCALPLACEMENT($,#129);
#131=IFCSHAPEREPRESENTATION(#18,'Body','SweptSolid',(#127));
#132=IFCPRODUCTDEFINITIONSHAPE($,$,(#131));
#133=IFCOPENINGELEMENT('0YkP2PMbHFf9A5gAbOdJz1',#6,'Bolt Hole',$,$,#130,#132,$);
#134=IFCRELVOIDSELEMENT('3nzlU8CKXEieiPzQ4EPaO7',#6,$,$,#49,#133);
#135=IFCCARTESIANPOINT((0.,0.));
#136=IFCDIRECTION((1.,0.));
#137=IFCAXIS2PLACEMENT2D(#135,#136);
#138=IFCCIRCLEPROFILEDEF(.AREA.,$,#137,9.);
#139=IFCCARTESIANPOINT((48.,-328.,855.1));
#140=IFCDIRECTION((0.,1.,0.));
#141=IFCDIRECTION((1.,0.,0.));
#142=IFCAXIS2PLACEMENT3D(#139,#140,#141);
#143=IFCDIRECTION((0.,0.,1.));
#144=IFCEXTRUDEDAREASOLID(#138,#142,#143,213.);
#145=IFCCARTESIANPOINT((0.,0.,0.));
#146=IFCAXIS2PLACEMENT3D(#145,$,$);
#147=IFCLOCALPLACEMENT($,#146);
#148=IFCSHAPEREPRESENTATION(#18,'Body','SweptSolid',(#144));
#149=IFCPRODUCTDEFINITIONSHAPE($,$,(#148));
#150=IFCOPENINGELEMENT('2atzIGyAjCx8wxFrhSnYsg',#6,'Bolt Hole',$,$,#147,#149,$);
#151=IFCRELVOIDSELEMENT('2w461AZJX5GeJZSVgjYO8N',#6,$,$,#49,#150);
#152=IFCCARTESIANPOINT((0.,0.));
#153=IFCDIRECTION((1.,0.));
#154=IFCAXIS2PLACEMENT2D(#152,#153);
#155=IFCCIRCLEPROFILEDEF(.AREA.,$,#154,9.);
#156=IFCCARTESIANPOINT((-48.,-328.,619.9));
#157=IFCDIRECTION((0.,1.,0.));
#158=IFCDIRECTION((1.,0.,0.));
#159=IFCAXIS2PLACEMENT3D(#156,#157,#158);
#160=IFCDIRECTION((0.,0.,1.));
#161=IFCEXTRUDEDAREASOLID(#155,#159,#160,213.);
#162=IFCCARTESIANPOINT((0.,0.,0.));
#163=IFCAXIS2PLACEMENT3D(#162,$,$);
#164=IFCLOCALPLACEMENT($,#163);
#165=IFCSHAPEREPRESENTATION(#18,'Body','SweptSolid',(#161));
#166=IFCPRODUCTDEFINITIONSHAPE($,$,(#165));
#167=IFCOPENINGELEMENT('3b71T$bUrAGgK8v3RPfWCA',#6,'Bolt Hole',$,$,#164,#166,$);
#168=IFCRELVOIDSELEMENT('04DzSxanz5wRPJoUhwlJlS',#6,$,$,#49,#167);
#169=IFCCARTESIANPOINT((0.,0.));
#170=IFCDIRECTION((1.,0.));
#171=IFCAXIS2PLACEMENT2D(#169,#170);
#172=IFCCIRCLEPROFILEDEF(.AREA.,$,#171,9.);
#173=IFCCARTESIANPOINT((48.,-328.,619.9));
#174=IFCDIRECTION((0.,1.,0.));
#175=IFCDIRECTION((1.,0.,0.));
#176=IFCAXIS2PLACEMENT3D(#173,#174,#175);
#177=IFCDIRECTION((0.,0.,1.));
#178=IFCEXTRUDEDAREASOLID(#172,#176,#177,213.);
#179=IFCCARTESIANPOINT((0.,0.,0.));
#180=IFCAXIS2PLACEMENT3D(#179,$,$);
#181=IFCLOCALPLACEMENT($,#180);
#182=IFCSHAPEREPRESENTATION(#18,'Body','SweptSolid',(#178));
#183=IFCPRODUCTDEFINITIONSHAPE($,$,(#182));
#184=IFCOPENINGELEMENT('3Xqx2TcCz0FOjr_0gJfdxX',#6,'Bolt Hole',$,$,#181,#183,$);
#185=IFCRELVOIDSELEMENT('3RpFQwi1n2JfLgL5TFkKgS',#6,$,$,#49,#184);
#186=IFCPROPERTYSINGLEVALUE('DesignCode','DesignCode',IFCLABEL('IS 800:2007'),$);
#187=IFCPROPERTYSINGLEVALUE('ExportTime','ExportTime',IFCLABEL('2026-04-13 14:37:48'),$);
#188=IFCPROPERTYSET('13tmdzRhb9UR1TO677t8Ig',#6,'Pset_OsdagDesignData',$,(#186,#187));
#189=IFCRELDEFINESBYPROPERTIES('0CqG8FNQz6XhbIVRkMy_lW',#6,$,$,(#49),#188);
#190=IFCQUANTITYLENGTH('Length','Length',$,1475.);
#191=IFCQUANTITYLENGTH('Depth','Depth',$,450.);
#192=IFCQUANTITYLENGTH('Width','Width',$,250.);
#193=IFCELEMENTQUANTITY('2tPgXzuZjBV8nZQzFKzh9e',#6,'Qto_BeamBaseQuantities',$,'Custom',(#190,#191,#192));
#194=IFCRELDEFINESBYPROPERTIES('2_SfMubSvCEfIizzpln6kN',#6,$,$,(#49),#193);
#195=IFCCARTESIANPOINT((0.,-266.4,737.5));
#196=IFCDIRECTION((0.,-1.,0.));
#197=IFCDIRECTION((1.,0.,0.));
#198=IFCAXIS2PLACEMENT3D(#195,#196,#197);
#199=IFCCARTESIANPOINT((4.7,207.6));
#200=IFCCARTESIANPOINT((75.,207.6));
#201=IFCCARTESIANPOINT((75.,225.));
#202=IFCCARTESIANPOINT((-75.,225.));
#203=IFCCARTESIANPOINT((-75.,207.6));
#204=IFCCARTESIANPOINT((-4.7,207.6));
#205=IFCCARTESIANPOINT((-4.7,-207.6));
#206=IFCCARTESIANPOINT((-75.,-207.6));
#207=IFCCARTESIANPOINT((-75.,-225.));
#208=IFCCARTESIANPOINT((75.,-225.));
#209=IFCCARTESIANPOINT((75.,-207.6));
#210=IFCCARTESIANPOINT((4.7,-207.6));
#211=IFCCARTESIANPOINT((4.7,207.6));
#212=IFCPOLYLINE((#199,#200,#201,#202,#203,#204,#205,#206,#207,#208,#209,#210,#211));
#213=IFCARBITRARYCLOSEDPROFILEDEF(.AREA.,$,#212);
#214=IFCDIRECTION((0.,0.,1.));
#215=IFCEXTRUDEDAREASOLID(#213,#198,#214,665.6);
#216=IFCSHAPEREPRESENTATION(#18,'Body','SweptSolid',(#215));
#217=IFCPRODUCTDEFINITIONSHAPE($,$,(#216));
#218=IFCBEAM('0HL4SWTXT5FAns$MU6jVK2',#6,'Beam',$,$,$,#217,$);
#219=IFCCARTESIANPOINT((0.,0.));
#220=IFCDIRECTION((1.,0.));
#221=IFCAXIS2PLACEMENT2D(#219,#220);
#222=IFCCIRCLEPROFILEDEF(.AREA.,$,#221,9.);
#223=IFCCARTESIANPOINT((-48.,-328.,910.1));
#224=IFCDIRECTION((0.,1.,0.));
#225=IFCDIRECTION((1.,0.,0.));
#226=IFCAXIS2PLACEMENT3D(#223,#224,#225);
#227=IFCDIRECTION((0.,0.,1.));
#228=IFCEXTRUDEDAREASOLID(#222,#226,#227,213.);
#229=IFCCARTESIANPOINT((0.,0.,0.));
#230=IFCAXIS2PLACEMENT3D(#229,$,$);
#231=IFCLOCALPLACEMENT($,#230);
#232=IFCSHAPEREPRESENTATION(#18,'Body','SweptSolid',(#228));
#233=IFCPRODUCTDEFINITIONSHAPE($,$,(#232));
#234=IFCOPENINGELEMENT('0EXXHbWm52hwZjpEvtnGPq',#6,'Bolt Hole',$,$,#231,#233,$);
#235=IFCRELVOIDSELEMENT('0IVwxt96PBcPRNMQpMKOAv',#6,$,$,#218,#234);
#236=IFCCARTESIANPOINT((0.,0.));
#237=IFCDIRECTION((1.,0.));
#238=IFCAXIS2PLACEMENT2D(#236,#237);
#239=IFCCIRCLEPROFILEDEF(.AREA.,$,#238,9.);
#240=IFCCARTESIANPOINT((48.,-328.,910.1));
#241=IFCDIRECTION((0.,1.,0.));
#242=IFCDIRECTION((1.,0.,0.));
#243=IFCAXIS2PLACEMENT3D(#240,#241,#242);
#244=IFCDIRECTION((0.,0.,1.));
#245=IFCEXTRUDEDAREASOLID(#239,#243,#244,213.);
#246=IFCCARTESIANPOINT((0.,0.,0.));
#247=IFCAXIS2PLACEMENT3D(#246,$,$);
#248=IFCLOCALPLACEMENT($,#247);
#249=IFCSHAPEREPRESENTATION(#18,'Body','SweptSolid',(#245));
#250=IFCPRODUCTDEFINITIONSHAPE($,$,(#249));
#251=IFCOPENINGELEMENT('3iQLPcmIX42Q0Lw8vJCRYQ',#6,'Bolt Hole',$,$,#248,#250,$);
#252=IFCRELVOIDSELEMENT('0gmiGLdJX5weo9YptWAn9X',#6,$,$,#218,#251);
#253=IFCCARTESIANPOINT((0.,0.));
#254=IFCDIRECTION((1.,0.));
#255=IFCAXIS2PLACEMENT2D(#253,#254);
#256=IFCCIRCLEPROFILEDEF(.AREA.,$,#255,9.);
#257=IFCCARTESIANPOINT((-48.,-328.,564.9));
#258=IFCDIRECTION((0.,1.,0.));
#259=IFCDIRECTION((1.,0.,0.));
#260=IFCAXIS2PLACEMENT3D(#257,#258,#259);
#261=IFCDIRECTION((0.,0.,1.));
#262=IFCEXTRUDEDAREASOLID(#256,#260,#261,213.);
#263=IFCCARTESIANPOINT((0.,0.,0.));
#264=IFCAXIS2PLACEMENT3D(#263,$,$);
#265=IFCLOCALPLACEMENT($,#264);
#266=IFCSHAPEREPRESENTATION(#18,'Body','SweptSolid',(#262));
#267=IFCPRODUCTDEFINITIONSHAPE($,$,(#266));
#268=IFCOPENINGELEMENT('2iUxVCs2n7ew_1_Dj$kAWt',#6,'Bolt Hole',$,$,#265,#267,$);
#269=IFCRELVOIDSELEMENT('068sx4p75CAuqNSMoCMKzl',#6,$,$,#218,#268);
#270=IFCCARTESIANPOINT((0.,0.));
#271=IFCDIRECTION((1.,0.));
#272=IFCAXIS2PLACEMENT2D(#270,#271);
#273=IFCCIRCLEPROFILEDEF(.AREA.,$,#272,9.);
#274=IFCCARTESIANPOINT((48.,-328.,564.9));
#275=IFCDIRECTION((0.,1.,0.));
#276=IFCDIRECTION((1.,0.,0.));
#277=IFCAXIS2PLACEMENT3D(#274,#275,#276);
#278=IFCDIRECTION((0.,0.,1.));
#279=IFCEXTRUDEDAREASOLID(#273,#277,#278,213.);
#280=IFCCARTESIANPOINT((0.,0.,0.));
#281=IFCAXIS2PLACEMENT3D(#280,$,$);
#282=IFCLOCALPLACEMENT($,#281);
#283=IFCSHAPEREPRESENTATION(#18,'Body','SweptSolid',(#279));
#284=IFCPRODUCTDEFINITIONSHAPE($,$,(#283));
#285=IFCOPENINGELEMENT('3e70hbeIP4kQ_SmswQUC9U',#6,'Bolt Hole',$,$,#282,#284,$);
#286=IFCRELVOIDSELEMENT('0sjpDcoKX4$BshQYbcdePS',#6,$,$,#218,#285);
#287=IFCCARTESIANPOINT((0.,0.));
#288=IFCDIRECTION((1.,0.));
#289=IFCAXIS2PLACEMENT2D(#287,#288);
#290=IFCCIRCLEPROFILEDEF(.AREA.,$,#289,9.);
#291=IFCCARTESIANPOINT((-48.,-328.,855.1));
#292=IFCDIRECTION((0.,1.,0.));
#293=IFCDIRECTION((1.,0.,0.));
#294=IFCAXIS2PLACEMENT3D(#291,#292,#293);
#295=IFCDIRECTION((0.,0.,1.));
#296=IFCEXTRUDEDAREASOLID(#290,#294,#295,213.);
#297=IFCCARTESIANPOINT((0.,0.,0.));
#298=IFCAXIS2PLACEMENT3D(#297,$,$);
#299=IFCLOCALPLACEMENT($,#298);
#300=IFCSHAPEREPRESENTATION(#18,'Body','SweptSolid',(#296));
#301=IFCPRODUCTDEFINITIONSHAPE($,$,(#300));
#302=IFCOPENINGELEMENT('1xJd37fmzE3hW9QevjJrPX',#6,'Bolt Hole',$,$,#299,#301,$);
#303=IFCRELVOIDSELEMENT('2AbFGYeGnC$ABV12YbKDFA',#6,$,$,#218,#302);
#304=IFCCARTESIANPOINT((0.,0.));
#305=IFCDIRECTION((1.,0.));
#306=IFCAXIS2PLACEMENT2D(#304,#305);
#307=IFCCIRCLEPROFILEDEF(.AREA.,$,#306,9.);
#308=IFCCARTESIANPOINT((48.,-328.,855.1));
#309=IFCDIRECTION((0.,1.,0.));
#310=IFCDIRECTION((1.,0.,0.));
#311=IFCAXIS2PLACEMENT3D(#308,#309,#310);
#312=IFCDIRECTION((0.,0.,1.));
#313=IFCEXTRUDEDAREASOLID(#307,#311,#312,213.);
#314=IFCCARTESIANPOINT((0.,0.,0.));
#315=IFCAXIS2PLACEMENT3D(#314,$,$);
#316=IFCLOCALPLACEMENT($,#315);
#317=IFCSHAPEREPRESENTATION(#18,'Body','SweptSolid',(#313));
#318=IFCPRODUCTDEFINITIONSHAPE($,$,(#317));
#319=IFCOPENINGELEMENT('19$FjEUGP8EBxNUaNR3T_a',#6,'Bolt Hole',$,$,#316,#318,$);
#320=IFCRELVOIDSELEMENT('3pKf57JKH9pOCmi7lLa7M4',#6,$,$,#218,#319);
#321=IFCCARTESIANPOINT((0.,0.));
#322=IFCDIRECTION((1.,0.));
#323=IFCAXIS2PLACEMENT2D(#321,#322);
#324=IFCCIRCLEPROFILEDEF(.AREA.,$,#323,9.);
#325=IFCCARTESIANPOINT((-48.,-328.,619.9));
#326=IFCDIRECTION((0.,1.,0.));
#327=IFCDIRECTION((1.,0.,0.));
#328=IFCAXIS2PLACEMENT3D(#325,#326,#327);
#329=IFCDIRECTION((0.,0.,1.));
#330=IFCEXTRUDEDAREASOLID(#324,#328,#329,213.);
#331=IFCCARTESIANPOINT((0.,0.,0.));
#332=IFCAXIS2PLACEMENT3D(#331,$,$);
#333=IFCLOCALPLACEMENT($,#332);
#334=IFCSHAPEREPRESENTATION(#18,'Body','SweptSolid',(#330));
#335=IFCPRODUCTDEFINITIONSHAPE($,$,(#334));
#336=IFCOPENINGELEMENT('0OjbrSlFz6Fg6pwJeywVGF',#6,'Bolt Hole',$,$,#333,#335,$);
#337=IFCRELVOIDSELEMENT('0umLk1FCj0mRwNS6CN2lG6',#6,$,$,#218,#336);
#338=IFCCARTESIANPOINT((0.,0.));
#339=IFCDIRECTION((1.,0.));
#340=IFCAXIS2PLACEMENT2D(#338,#339);
#341=IFCCIRCLEPROFILEDEF(.AREA.,$,#340,9.);
#342=IFCCARTESIANPOINT((48.,-328.,619.9));
#343=IFCDIRECTION((0.,1.,0.));
#344=IFCDIRECTION((1.,0.,0.));
#345=IFCAXIS2PLACEMENT3D(#342,#343,#344);
#346=IFCDIRECTION((0.,0.,1.));
#347=IFCEXTRUDEDAREASOLID(#341,#345,#346,213.);
#348=IFCCARTESIANPOINT((0.,0.,0.));
#349=IFCAXIS2PLACEMENT3D(#348,$,$);
#350=IFCLOCALPLACEMENT($,#349);
#351=IFCSHAPEREPRESENTATION(#18,'Body','SweptSolid',(#347));
#352=IFCPRODUCTDEFINITIONSHAPE($,$,(#351));
#353=IFCOPENINGELEMENT('1y0T1FZ8XFLR6sXgKI5PWQ',#6,'Bolt Hole',$,$,#350,#352,$);
#354=IFCRELVOIDSELEMENT('1MTO_5fPv7E940B6yf6stH',#6,$,$,#218,#353);
#355=IFCPROPERTYSINGLEVALUE('DesignCode','DesignCode',IFCLABEL('IS 800:2007'),$);
#356=IFCPROPERTYSINGLEVALUE('ExportTime','ExportTime',IFCLABEL('2026-04-13 14:37:48'),$);
#357=IFCPROPERTYSET('3ei4o0tZ562ePriFlTbcxd',#6,'Pset_OsdagDesignData',$,(#355,#356));
#358=IFCRELDEFINESBYPROPERTIES('3jxjis5F1Bke37xT4jUcdS',#6,$,$,(#218),#357);
#359=IFCQUANTITYLENGTH('Length','Length',$,665.6);
#360=IFCQUANTITYLENGTH('Depth','Depth',$,450.);
#361=IFCQUANTITYLENGTH('Width','Width',$,150.);
#362=IFCELEMENTQUANTITY('2q9vFqnCv8tAyRgzh5oZn_',#6,'Qto_BeamBaseQuantities',$,'Custom',(#359,#360,#361));
#363=IFCRELDEFINESBYPROPERTIES('1s050v3zP8KeEXACcPQxxO',#6,$,$,(#218),#362);
#364=IFCCARTESIANPOINT((-87.5,-241.,737.5));
#365=IFCDIRECTION((1.,0.,0.));
#366=IFCDIRECTION((0.,-1.,0.));
#367=IFCAXIS2PLACEMENT3D(#364,#365,#366);
#368=IFCCARTESIANPOINT((0.,0.));
#369=IFCDIRECTION((1.,0.));
#370=IFCAXIS2PLACEMENT2D(#368,#369);
#371=IFCRECTANGLEPROFILEDEF(.AREA.,$,#370,32.,475.);
#372=IFCDIRECTION((0.,0.,1.));
#373=IFCEXTRUDEDAREASOLID(#371,#367,#372,175.);
#374=IFCSHAPEREPRESENTATION(#18,'Body','SweptSolid',(#373));
#375=IFCPRODUCTDEFINITIONSHAPE($,$,(#374));
#376=IFCPLATE('1PATf0$YvDuvZlG52sVmzK',#6,'Connection Plate',$,$,$,#375,$);
#377=IFCCARTESIANPOINT((0.,0.));
#378=IFCDIRECTION((1.,0.));
#379=IFCAXIS2PLACEMENT2D(#377,#378);
#380=IFCCIRCLEPROFILEDEF(.AREA.,$,#379,9.);
#381=IFCCARTESIANPOINT((-48.,-328.,910.1));
#382=IFCDIRECTION((0.,1.,0.));
#383=IFCDIRECTION((1.,0.,0.));
#384=IFCAXIS2PLACEMENT3D(#381,#382,#383);
#385=IFCDIRECTION((0.,0.,1.));
#386=IFCEXTRUDEDAREASOLID(#380,#384,#385,213.);
#387=IFCCARTESIANPOINT((0.,0.,0.));
#388=IFCAXIS2PLACEMENT3D(#387,$,$);
#389=IFCLOCALPLACEMENT($,#388);
#390=IFCSHAPEREPRESENTATION(#18,'Body','SweptSolid',(#386));
#391=IFCPRODUCTDEFINITIONSHAPE($,$,(#390));
#392=IFCOPENINGELEMENT('2CVz77GOb2UfH0OM7Ze5bc',#6,'Bolt Hole',$,$,#389,#391,$);
#393=IFCRELVOIDSELEMENT('2P2K5qAxjBUfD4UX3QM5l2',#6,$,$,#376,#392);
#394=IFCCARTESIANPOINT((0.,0.));
#395=IFCDIRECTION((1.,0.));
#396=IFCAXIS2PLACEMENT2D(#394,#395);
#397=IFCCIRCLEPROFILEDEF(.AREA.,$,#396,9.);
#398=IFCCARTESIANPOINT((48.,-328.,910.1));
#399=IFCDIRECTION((0.,1.,0.));
#400=IFCDIRECTION((1.,0.,0.));
#401=IFCAXIS2PLACEMENT3D(#398,#399,#400);
#402=IFCDIRECTION((0.,0.,1.));
#403=IFCEXTRUDEDAREASOLID(#397,#401,#402,213.);
#404=IFCCARTESIANPOINT((0.,0.,0.));
#405=IFCAXIS2PLACEMENT3D(#404,$,$);
#406=IFCLOCALPLACEMENT($,#405);
#407=IFCSHAPEREPRESENTATION(#18,'Body','SweptSolid',(#403));
#408=IFCPRODUCTDEFINITIONSHAPE($,$,(#407));
#409=IFCOPENINGELEMENT('335h3YRJr4r8rFNySMg6rr',#6,'Bolt Hole',$,$,#406,#408,$);
#410=IFCRELVOIDSELEMENT('1rzGavYEH1COqG21PXQf6X',#6,$,$,#376,#409);
#411=IFCCARTESIANPOINT((0.,0.));
#412=IFCDIRECTION((1.,0.));
#413=IFCAXIS2PLACEMENT2D(#411,#412);
#414=IFCCIRCLEPROFILEDEF(.AREA.,$,#413,9.);
#415=IFCCARTESIANPOINT((-48.,-328.,564.9));
#416=IFCDIRECTION((0.,1.,0.));
#417=IFCDIRECTION((1.,0.,0.));
#418=IFCAXIS2PLACEMENT3D(#415,#416,#417);
#419=IFCDIRECTION((0.,0.,1.));
#420=IFCEXTRUDEDAREASOLID(#414,#418,#419,213.);
#421=IFCCARTESIANPOINT((0.,0.,0.));
#422=IFCAXIS2PLACEMENT3D(#421,$,$);
#423=IFCLOCALPLACEMENT($,#422);
#424=IFCSHAPEREPRESENTATION(#18,'Body','SweptSolid',(#420));
#425=IFCPRODUCTDEFINITIONSHAPE($,$,(#424));
#426=IFCOPENINGELEMENT('1knj4gO9PFNu75q1BE8tDv',#6,'Bolt Hole',$,$,#423,#425,$);
#427=IFCRELVOIDSELEMENT('3CeamggvPFOffIw7C5CrsH',#6,$,$,#376,#426);
#428=IFCCARTESIANPOINT((0.,0.));
#429=IFCDIRECTION((1.,0.));
#430=IFCAXIS2PLACEMENT2D(#428,#429);
#431=IFCCIRCLEPROFILEDEF(.AREA.,$,#430,9.);
#432=IFCCARTESIANPOINT((48.,-328.,564.9));
#433=IFCDIRECTION((0.,1.,0.));
#434=IFCDIRECTION((1.,0.,0.));
#435=IFCAXIS2PLACEMENT3D(#432,#433,#434);
#436=IFCDIRECTION((0.,0.,1.));
#437=IFCEXTRUDEDAREASOLID(#431,#435,#436,213.);
#438=IFCCARTESIANPOINT((0.,0.,0.));
#439=IFCAXIS2PLACEMENT3D(#438,$,$);
#440=IFCLOCALPLACEMENT($,#439);
#441=IFCSHAPEREPRESENTATION(#18,'Body','SweptSolid',(#437));
#442=IFCPRODUCTDEFINITIONSHAPE($,$,(#441));
#443=IFCOPENINGELEMENT('1d8NqXIvX2CP6z9gZeJpNd',#6,'Bolt Hole',$,$,#440,#442,$);
#444=IFCRELVOIDSELEMENT('1mN4kovDL9vRU5zF1WxBB8',#6,$,$,#376,#443);
#445=IFCCARTESIANPOINT((0.,0.));
#446=IFCDIRECTION((1.,0.));
#447=IFCAXIS2PLACEMENT2D(#445,#446);
#448=IFCCIRCLEPROFILEDEF(.AREA.,$,#447,9.);
#449=IFCCARTESIANPOINT((-48.,-328.,855.1));
#450=IFCDIRECTION((0.,1.,0.));
#451=IFCDIRECTION((1.,0.,0.));
#452=IFCAXIS2PLACEMENT3D(#449,#450,#451);
#453=IFCDIRECTION((0.,0.,1.));
#454=IFCEXTRUDEDAREASOLID(#448,#452,#453,213.);
#455=IFCCARTESIANPOINT((0.,0.,0.));
#456=IFCAXIS2PLACEMENT3D(#455,$,$);
#457=IFCLOCALPLACEMENT($,#456);
#458=IFCSHAPEREPRESENTATION(#18,'Body','SweptSolid',(#454));
#459=IFCPRODUCTDEFINITIONSHAPE($,$,(#458));
#460=IFCOPENINGELEMENT('2WPr0yvfn2leszgPfC6XQ0',#6,'Bolt Hole',$,$,#457,#459,$);
#461=IFCRELVOIDSELEMENT('3zKXOcpR5FVfKT4U8QkTuG',#6,$,$,#376,#460);
#462=IFCCARTESIANPOINT((0.,0.));
#463=IFCDIRECTION((1.,0.));
#464=IFCAXIS2PLACEMENT2D(#462,#463);
#465=IFCCIRCLEPROFILEDEF(.AREA.,$,#464,9.);
#466=IFCCARTESIANPOINT((48.,-328.,855.1));
#467=IFCDIRECTION((0.,1.,0.));
#468=IFCDIRECTION((1.,0.,0.));
#469=IFCAXIS2PLACEMENT3D(#466,#467,#468);
#470=IFCDIRECTION((0.,0.,1.));
#471=IFCEXTRUDEDAREASOLID(#465,#469,#470,213.);
#472=IFCCARTESIANPOINT((0.,0.,0.));
#473=IFCAXIS2PLACEMENT3D(#472,$,$);
#474=IFCLOCALPLACEMENT($,#473);
#475=IFCSHAPEREPRESENTATION(#18,'Body','SweptSolid',(#471));
#476=IFCPRODUCTDEFINITIONSHAPE($,$,(#475));
#477=IFCOPENINGELEMENT('3fLHr$1RbCqRCmfKnFnDMG',#6,'Bolt Hole',$,$,#474,#476,$);
#478=IFCRELVOIDSELEMENT('2i8DKsrUjBwekA6tdjx2J9',#6,$,$,#376,#477);
#479=IFCCARTESIANPOINT((0.,0.));
#480=IFCDIRECTION((1.,0.));
#481=IFCAXIS2PLACEMENT2D(#479,#480);
#482=IFCCIRCLEPROFILEDEF(.AREA.,$,#481,9.);
#483=IFCCARTESIANPOINT((-48.,-328.,619.9));
#484=IFCDIRECTION((0.,1.,0.));
#485=IFCDIRECTION((1.,0.,0.));
#486=IFCAXIS2PLACEMENT3D(#483,#484,#485);
#487=IFCDIRECTION((0.,0.,1.));
#488=IFCEXTRUDEDAREASOLID(#482,#486,#487,213.);
#489=IFCCARTESIANPOINT((0.,0.,0.));
#490=IFCAXIS2PLACEMENT3D(#489,$,$);
#491=IFCLOCALPLACEMENT($,#490);
#492=IFCSHAPEREPRESENTATION(#18,'Body','SweptSolid',(#488));
#493=IFCPRODUCTDEFINITIONSHAPE($,$,(#492));
#494=IFCOPENINGELEMENT('1wOI6U60D6rfjxKEItUmH5',#6,'Bolt Hole',$,$,#491,#493,$);
#495=IFCRELVOIDSELEMENT('246WqN8sj86fqUQBnVH9ja',#6,$,$,#376,#494);
#496=IFCCARTESIANPOINT((0.,0.));
#497=IFCDIRECTION((1.,0.));
#498=IFCAXIS2PLACEMENT2D(#496,#497);
#499=IFCCIRCLEPROFILEDEF(.AREA.,$,#498,9.);
#500=IFCCARTESIANPOINT((48.,-328.,619.9));
#501=IFCDIRECTION((0.,1.,0.));
#502=IFCDIRECTION((1.,0.,0.));
#503=IFCAXIS2PLACEMENT3D(#500,#501,#502);
#504=IFCDIRECTION((0.,0.,1.));
#505=IFCEXTRUDEDAREASOLID(#499,#503,#504,213.);
#506=IFCCARTESIANPOINT((0.,0.,0.));
#507=IFCAXIS2PLACEMENT3D(#506,$,$);
#508=IFCLOCALPLACEMENT($,#507);
#509=IFCSHAPEREPRESENTATION(#18,'Body','SweptSolid',(#505));
#510=IFCPRODUCTDEFINITIONSHAPE($,$,(#509));
#511=IFCOPENINGELEMENT('01rAPSbe5Ajv7tXQpNwdui',#6,'Bolt Hole',$,$,#508,#510,$);
#512=IFCRELVOIDSELEMENT('24GvBDxX15eRD40CKfUoA2',#6,$,$,#376,#511);
#513=IFCPROPERTYSINGLEVALUE('DesignCode','DesignCode',IFCLABEL('IS 800:2007'),$);
#514=IFCPROPERTYSINGLEVALUE('ExportTime','ExportTime',IFCLABEL('2026-04-13 14:37:48'),$);
#515=IFCPROPERTYSET('0U9oAvfvzEuvEsAs6qxuLc',#6,'Pset_OsdagDesignData',$,(#513,#514));
#516=IFCRELDEFINESBYPROPERTIES('1WhF2DwjX3NfL6Fh894U0d',#6,$,$,(#376),#515);
#517=IFCQUANTITYLENGTH('Length','Length',$,475.);
#518=IFCQUANTITYLENGTH('Width','Width',$,175.);
#519=IFCQUANTITYLENGTH('Depth','Depth',$,32.);
#520=IFCQUANTITYAREA('GrossArea','GrossArea',$,0.083125);
#521=IFCQUANTITYVOLUME('NetVolume','NetVolume',$,0.00266);
#522=IFCQUANTITYWEIGHT('NetWeight','NetWeight',$,20.881);
#523=IFCELEMENTQUANTITY('1eqKBoUIf6Avx_WaXaHoZi',#6,'Qto_PlateBaseQuantities',$,'Custom',(#517,#518,#519,#520,#521,#522));
#524=IFCRELDEFINESBYPROPERTIES('2K$bSvfv11LBB_BB0_uMQQ',#6,$,$,(#376),#523);
#525=IFCCARTESIANPOINT((64.95,0.,962.8));
#526=IFCDIRECTION((0.,0.,-1.));
#527=IFCDIRECTION((0.,1.,0.));
#528=IFCAXIS2PLACEMENT3D(#525,#526,#527);
#529=IFCCARTESIANPOINT((-211.29,60.05));
#530=IFCCARTESIANPOINT((211.29,60.05));
#531=IFCCARTESIANPOINT((211.3,60.05));
#532=IFCCARTESIANPOINT((211.3,-36.05));
#533=IFCCARTESIANPOINT((187.3,-60.05));
#534=IFCCARTESIANPOINT((-187.3,-60.05));
#535=IFCCARTESIANPOINT((-211.3,-36.05));
#536=IFCCARTESIANPOINT((-211.3,60.05));
#537=IFCCARTESIANPOINT((-211.29,60.05));
#538=IFCPOLYLINE((#529,#530,#531,#532,#533,#534,#535,#536,#537));
#539=IFCARBITRARYCLOSEDPROFILEDEF(.AREA.,$,#538);
#540=IFCCARTESIANPOINT((64.95,0.,962.8));
#541=IFCDIRECTION((0.,0.,-1.));
#542=IFCDIRECTION((0.,1.,0.));
#543=IFCAXIS2PLACEMENT3D(#540,#541,#542);
#544=IFCDIRECTION((0.,0.,1.));
#545=IFCEXTRUDEDAREASOLID(#539,#543,#544,18.);
#546=IFCSHAPEREPRESENTATION(#18,'Body','SweptSolid',(#545));
#547=IFCPRODUCTDEFINITIONSHAPE($,$,(#546));
#548=IFCPLATE('0hlJ83w6z2bOBBg$whRMKv',#6,'Continuity Plate',$,$,$,#547,$);
#549=IFCCARTESIANPOINT((0.,0.));
#550=IFCDIRECTION((1.,0.));
#551=IFCAXIS2PLACEMENT2D(#549,#550);
#552=IFCCIRCLEPROFILEDEF(.AREA.,$,#551,9.);
#553=IFCCARTESIANPOINT((-48.,-328.,910.1));
#554=IFCDIRECTION((0.,1.,0.));
#555=IFCDIRECTION((1.,0.,0.));
#556=IFCAXIS2PLACEMENT3D(#553,#554,#555);
#557=IFCDIRECTION((0.,0.,1.));
#558=IFCEXTRUDEDAREASOLID(#552,#556,#557,213.);
#559=IFCCARTESIANPOINT((0.,0.,0.));
#560=IFCAXIS2PLACEMENT3D(#559,$,$);
#561=IFCLOCALPLACEMENT($,#560);
#562=IFCSHAPEREPRESENTATION(#18,'Body','SweptSolid',(#558));
#563=IFCPRODUCTDEFINITIONSHAPE($,$,(#562));
#564=IFCOPENINGELEMENT('0XfP6mnf9Fbg6Ez0zLRQeA',#6,'Bolt Hole',$,$,#561,#563,$);
#565=IFCRELVOIDSELEMENT('2pauApp_L4zRDkvas8dyR_',#6,$,$,#548,#564);
#566=IFCCARTESIANPOINT((0.,0.));
#567=IFCDIRECTION((1.,0.));
#568=IFCAXIS2PLACEMENT2D(#566,#567);
#569=IFCCIRCLEPROFILEDEF(.AREA.,$,#568,9.);
#570=IFCCARTESIANPOINT((48.,-328.,910.1));
#571=IFCDIRECTION((0.,1.,0.));
#572=IFCDIRECTION((1.,0.,0.));
#573=IFCAXIS2PLACEMENT3D(#570,#571,#572);
#574=IFCDIRECTION((0.,0.,1.));
#575=IFCEXTRUDEDAREASOLID(#569,#573,#574,213.);
#576=IFCCARTESIANPOINT((0.,0.,0.));
#577=IFCAXIS2PLACEMENT3D(#576,$,$);
#578=IFCLOCALPLACEMENT($,#577);
#579=IFCSHAPEREPRESENTATION(#18,'Body','SweptSolid',(#575));
#580=IFCPRODUCTDEFINITIONSHAPE($,$,(#579));
#581=IFCOPENINGELEMENT('00ypxJpH12XAGWt6dLfS5T',#6,'Bolt Hole',$,$,#578,#580,$);
#582=IFCRELVOIDSELEMENT('36DE7VtwD47fJom0yHNpph',#6,$,$,#548,#581);
#583=IFCCARTESIANPOINT((0.,0.));
#584=IFCDIRECTION((1.,0.));
#585=IFCAXIS2PLACEMENT2D(#583,#584);
#586=IFCCIRCLEPROFILEDEF(.AREA.,$,#585,9.);
#587=IFCCARTESIANPOINT((-48.,-328.,564.9));
#588=IFCDIRECTION((0.,1.,0.));
#589=IFCDIRECTION((1.,0.,0.));
#590=IFCAXIS2PLACEMENT3D(#587,#588,#589);
#591=IFCDIRECTION((0.,0.,1.));
#592=IFCEXTRUDEDAREASOLID(#586,#590,#591,213.);
#593=IFCCARTESIANPOINT((0.,0.,0.));
#594=IFCAXIS2PLACEMENT3D(#593,$,$);
#595=IFCLOCALPLACEMENT($,#594);
#596=IFCSHAPEREPRESENTATION(#18,'Body','SweptSolid',(#592));
#597=IFCPRODUCTDEFINITIONSHAPE($,$,(#596));
#598=IFCOPENINGELEMENT('1XLatBWUr9PB1uGNO_sqLs',#6,'Bolt Hole',$,$,#595,#597,$);
#599=IFCRELVOIDSELEMENT('2FWd7GQw54KvNHzLRwgr5V',#6,$,$,#548,#598);
#600=IFCCARTESIANPOINT((0.,0.));
#601=IFCDIRECTION((1.,0.));
#602=IFCAXIS2PLACEMENT2D(#600,#601);
#603=IFCCIRCLEPROFILEDEF(.AREA.,$,#602,9.);
#604=IFCCARTESIANPOINT((48.,-328.,564.9));
#605=IFCDIRECTION((0.,1.,0.));
#606=IFCDIRECTION((1.,0.,0.));
#607=IFCAXIS2PLACEMENT3D(#604,#605,#606);
#608=IFCDIRECTION((0.,0.,1.));
#609=IFCEXTRUDEDAREASOLID(#603,#607,#608,213.);
#610=IFCCARTESIANPOINT((0.,0.,0.));
#611=IFCAXIS2PLACEMENT3D(#610,$,$);
#612=IFCLOCALPLACEMENT($,#611);
#613=IFCSHAPEREPRESENTATION(#18,'Body','SweptSolid',(#609));
#614=IFCPRODUCTDEFINITIONSHAPE($,$,(#613));
#615=IFCOPENINGELEMENT('3vTcgRtKj1VgzdsZPRWp4x',#6,'Bolt Hole',$,$,#612,#614,$);
#616=IFCRELVOIDSELEMENT('0SWFezlXD4rw4Whg1kT7TE',#6,$,$,#548,#615);
#617=IFCCARTESIANPOINT((0.,0.));
#618=IFCDIRECTION((1.,0.));
#619=IFCAXIS2PLACEMENT2D(#617,#618);
#620=IFCCIRCLEPROFILEDEF(.AREA.,$,#619,9.);
#621=IFCCARTESIANPOINT((-48.,-328.,855.1));
#622=IFCDIRECTION((0.,1.,0.));
#623=IFCDIRECTION((1.,0.,0.));
#624=IFCAXIS2PLACEMENT3D(#621,#622,#623);
#625=IFCDIRECTION((0.,0.,1.));
#626=IFCEXTRUDEDAREASOLID(#620,#624,#625,213.);
#627=IFCCARTESIANPOINT((0.,0.,0.));
#628=IFCAXIS2PLACEMENT3D(#627,$,$);
#629=IFCLOCALPLACEMENT($,#628);
#630=IFCSHAPEREPRESENTATION(#18,'Body','SweptSolid',(#626));
#631=IFCPRODUCTDEFINITIONSHAPE($,$,(#630));
#632=IFCOPENINGELEMENT('3o_MGx3C19cwdDK6CwW4ne',#6,'Bolt Hole',$,$,#629,#631,$);
#633=IFCRELVOIDSELEMENT('25_UDRVGj5682wC_WRCulH',#6,$,$,#548,#632);
#634=IFCCARTESIANPOINT((0.,0.));
#635=IFCDIRECTION((1.,0.));
#636=IFCAXIS2PLACEMENT2D(#634,#635);
#637=IFCCIRCLEPROFILEDEF(.AREA.,$,#636,9.);
#638=IFCCARTESIANPOINT((48.,-328.,855.1));
#639=IFCDIRECTION((0.,1.,0.));
#640=IFCDIRECTION((1.,0.,0.));
#641=IFCAXIS2PLACEMENT3D(#638,#639,#640);
#642=IFCDIRECTION((0.,0.,1.));
#643=IFCEXTRUDEDAREASOLID(#637,#641,#642,213.);
#644=IFCCARTESIANPOINT((0.,0.,0.));
#645=IFCAXIS2PLACEMENT3D(#644,$,$);
#646=IFCLOCALPLACEMENT($,#645);
#647=IFCSHAPEREPRESENTATION(#18,'Body','SweptSolid',(#643));
#648=IFCPRODUCTDEFINITIONSHAPE($,$,(#647));
#649=IFCOPENINGELEMENT('3hWWBEUUH1BwHP7qhQupET',#6,'Bolt Hole',$,$,#646,#648,$);
#650=IFCRELVOIDSELEMENT('16eacI36jBGhZdLYF5gwEA',#6,$,$,#548,#649);
#651=IFCCARTESIANPOINT((0.,0.));
#652=IFCDIRECTION((1.,0.));
#653=IFCAXIS2PLACEMENT2D(#651,#652);
#654=IFCCIRCLEPROFILEDEF(.AREA.,$,#653,9.);
#655=IFCCARTESIANPOINT((-48.,-328.,619.9));
#656=IFCDIRECTION((0.,1.,0.));
#657=IFCDIRECTION((1.,0.,0.));
#658=IFCAXIS2PLACEMENT3D(#655,#656,#657);
#659=IFCDIRECTION((0.,0.,1.));
#660=IFCEXTRUDEDAREASOLID(#654,#658,#659,213.);
#661=IFCCARTESIANPOINT((0.,0.,0.));
#662=IFCAXIS2PLACEMENT3D(#661,$,$);
#663=IFCLOCALPLACEMENT($,#662);
#664=IFCSHAPEREPRESENTATION(#18,'Body','SweptSolid',(#660));
#665=IFCPRODUCTDEFINITIONSHAPE($,$,(#664));
#666=IFCOPENINGELEMENT('1MO4xpoe598fVQGQKdZp8E',#6,'Bolt Hole',$,$,#663,#665,$);
#667=IFCRELVOIDSELEMENT('3zTWb2bxDF4QV_IDRkmUCw',#6,$,$,#548,#666);
#668=IFCCARTESIANPOINT((0.,0.));
#669=IFCDIRECTION((1.,0.));
#670=IFCAXIS2PLACEMENT2D(#668,#669);
#671=IFCCIRCLEPROFILEDEF(.AREA.,$,#670,9.);
#672=IFCCARTESIANPOINT((48.,-328.,619.9));
#673=IFCDIRECTION((0.,1.,0.));
#674=IFCDIRECTION((1.,0.,0.));
#675=IFCAXIS2PLACEMENT3D(#672,#673,#674);
#676=IFCDIRECTION((0.,0.,1.));
#677=IFCEXTRUDEDAREASOLID(#671,#675,#676,213.);
#678=IFCCARTESIANPOINT((0.,0.,0.));
#679=IFCAXIS2PLACEMENT3D(#678,$,$);
#680=IFCLOCALPLACEMENT($,#679);
#681=IFCSHAPEREPRESENTATION(#18,'Body','SweptSolid',(#677));
#682=IFCPRODUCTDEFINITIONSHAPE($,$,(#681));
#683=IFCOPENINGELEMENT('2eHK4roHT1wxUuYsvAdSdC',#6,'Bolt Hole',$,$,#680,#682,$);
#684=IFCRELVOIDSELEMENT('1NV2hJqHL2uPPikJYliQF$',#6,$,$,#548,#683);
#685=IFCPROPERTYSINGLEVALUE('DesignCode','DesignCode',IFCLABEL('IS 800:2007'),$);
#686=IFCPROPERTYSINGLEVALUE('ExportTime','ExportTime',IFCLABEL('2026-04-13 14:37:48'),$);
#687=IFCPROPERTYSET('1bJ1pAiKr6JQbwZJQEgW8y',#6,'Pset_OsdagDesignData',$,(#685,#686));
#688=IFCRELDEFINESBYPROPERTIES('1O5SD0KAf13v6m27sRS3Be',#6,$,$,(#548),#687);
#689=IFCQUANTITYLENGTH('Length','Length',$,422.6);
#690=IFCQUANTITYLENGTH('Width','Width',$,120.1);
#691=IFCQUANTITYLENGTH('Depth','Depth',$,18.);
#692=IFCQUANTITYAREA('GrossArea','GrossArea',$,0.05017825995);
#693=IFCQUANTITYVOLUME('NetVolume','NetVolume',$,0.0009032086791);
#694=IFCQUANTITYWEIGHT('NetWeight','NetWeight',$,7.090188130935);
#695=IFCELEMENTQUANTITY('2SP_mkaFv2Qw8D0NaVurGm',#6,'Qto_PlateBaseQuantities',$,'Custom',(#689,#690,#691,#692,#693,#694));
#696=IFCRELDEFINESBYPROPERTIES('29JfHjU8H9LAcRiQs$ZqXb',#6,$,$,(#548),#695);
#697=IFCCARTESIANPOINT((64.95,0.,530.2));
#698=IFCDIRECTION((0.,0.,-1.));
#699=IFCDIRECTION((0.,1.,0.));
#700=IFCAXIS2PLACEMENT3D(#697,#698,#699);
#701=IFCCARTESIANPOINT((-211.29,60.05));
#702=IFCCARTESIANPOINT((211.29,60.05));
#703=IFCCARTESIANPOINT((211.3,60.05));
#704=IFCCARTESIANPOINT((211.3,-36.05));
#705=IFCCARTESIANPOINT((187.3,-60.05));
#706=IFCCARTESIANPOINT((-187.3,-60.05));
#707=IFCCARTESIANPOINT((-211.3,-36.05));
#708=IFCCARTESIANPOINT((-211.3,60.05));
#709=IFCCARTESIANPOINT((-211.29,60.05));
#710=IFCPOLYLINE((#701,#702,#703,#704,#705,#706,#707,#708,#709));
#711=IFCARBITRARYCLOSEDPROFILEDEF(.AREA.,$,#710);
#712=IFCCARTESIANPOINT((64.95,0.,530.2));
#713=IFCDIRECTION((0.,0.,-1.));
#714=IFCDIRECTION((0.,1.,0.));
#715=IFCAXIS2PLACEMENT3D(#712,#713,#714);
#716=IFCDIRECTION((0.,0.,1.));
#717=IFCEXTRUDEDAREASOLID(#711,#715,#716,18.);
#718=IFCSHAPEREPRESENTATION(#18,'Body','SweptSolid',(#717));
#719=IFCPRODUCTDEFINITIONSHAPE($,$,(#718));
#720=IFCPLATE('39NPGtUHfEIfdI5Yk9ylEc',#6,'Continuity Plate',$,$,$,#719,$);
#721=IFCCARTESIANPOINT((0.,0.));
#722=IFCDIRECTION((1.,0.));
#723=IFCAXIS2PLACEMENT2D(#721,#722);
#724=IFCCIRCLEPROFILEDEF(.AREA.,$,#723,9.);
#725=IFCCARTESIANPOINT((-48.,-328.,910.1));
#726=IFCDIRECTION((0.,1.,0.));
#727=IFCDIRECTION((1.,0.,0.));
#728=IFCAXIS2PLACEMENT3D(#725,#726,#727);
#729=IFCDIRECTION((0.,0.,1.));
#730=IFCEXTRUDEDAREASOLID(#724,#728,#729,213.);
#731=IFCCARTESIANPOINT((0.,0.,0.));
#732=IFCAXIS2PLACEMENT3D(#731,$,$);
#733=IFCLOCALPLACEMENT($,#732);
#734=IFCSHAPEREPRESENTATION(#18,'Body','SweptSolid',(#730));
#735=IFCPRODUCTDEFINITIONSHAPE($,$,(#734));
#736=IFCOPENINGELEMENT('2fOdQqSiH7KQLhY_fZSQ2h',#6,'Bolt Hole',$,$,#733,#735,$);
#737=IFCRELVOIDSELEMENT('3VX3yrcCXEa9ahfGblmfQM',#6,$,$,#720,#736);
#738=IFCCARTESIANPOINT((0.,0.));
#739=IFCDIRECTION((1.,0.));
#740=IFCAXIS2PLACEMENT2D(#738,#739);
#741=IFCCIRCLEPROFILEDEF(.AREA.,$,#740,9.);
#742=IFCCARTESIANPOINT((48.,-328.,910.1));
#743=IFCDIRECTION((0.,1.,0.));
#744=IFCDIRECTION((1.,0.,0.));
#745=IFCAXIS2PLACEMENT3D(#742,#743,#744);
#746=IFCDIRECTION((0.,0.,1.));
#747=IFCEXTRUDEDAREASOLID(#741,#745,#746,213.);
#748=IFCCARTESIANPOINT((0.,0.,0.));
#749=IFCAXIS2PLACEMENT3D(#748,$,$);
#750=IFCLOCALPLACEMENT($,#749);
#751=IFCSHAPEREPRESENTATION(#18,'Body','SweptSolid',(#747));
#752=IFCPRODUCTDEFINITIONSHAPE($,$,(#751));
#753=IFCOPENINGELEMENT('3gWdK_cPLBxOcjO_7ZyBcm',#6,'Bolt Hole',$,$,#750,#752,$);
#754=IFCRELVOIDSELEMENT('3qeLpO_2f3yuRHjSP51ldN',#6,$,$,#720,#753);
#755=IFCCARTESIANPOINT((0.,0.));
#756=IFCDIRECTION((1.,0.));
#757=IFCAXIS2PLACEMENT2D(#755,#756);
#758=IFCCIRCLEPROFILEDEF(.AREA.,$,#757,9.);
#759=IFCCARTESIANPOINT((-48.,-328.,564.9));
#760=IFCDIRECTION((0.,1.,0.));
#761=IFCDIRECTION((1.,0.,0.));
#762=IFCAXIS2PLACEMENT3D(#759,#760,#761);
#763=IFCDIRECTION((0.,0.,1.));
#764=IFCEXTRUDEDAREASOLID(#758,#762,#763,213.);
#765=IFCCARTESIANPOINT((0.,0.,0.));
#766=IFCAXIS2PLACEMENT3D(#765,$,$);
#767=IFCLOCALPLACEMENT($,#766);
#768=IFCSHAPEREPRESENTATION(#18,'Body','SweptSolid',(#764));
#769=IFCPRODUCTDEFINITIONSHAPE($,$,(#768));
#770=IFCOPENINGELEMENT('3tBqvlnej6phW3KLdIYrnU',#6,'Bolt Hole',$,$,#767,#769,$);
#771=IFCRELVOIDSELEMENT('0PE8IEdKTCIhUY$XOcvKYY',#6,$,$,#720,#770);
#772=IFCCARTESIANPOINT((0.,0.));
#773=IFCDIRECTION((1.,0.));
#774=IFCAXIS2PLACEMENT2D(#772,#773);
#775=IFCCIRCLEPROFILEDEF(.AREA.,$,#774,9.);
#776=IFCCARTESIANPOINT((48.,-328.,564.9));
#777=IFCDIRECTION((0.,1.,0.));
#778=IFCDIRECTION((1.,0.,0.));
#779=IFCAXIS2PLACEMENT3D(#776,#777,#778);
#780=IFCDIRECTION((0.,0.,1.));
#781=IFCEXTRUDEDAREASOLID(#775,#779,#780,213.);
#782=IFCCARTESIANPOINT((0.,0.,0.));
#783=IFCAXIS2PLACEMENT3D(#782,$,$);
#784=IFCLOCALPLACEMENT($,#783);
#785=IFCSHAPEREPRESENTATION(#18,'Body','SweptSolid',(#781));
#786=IFCPRODUCTDEFINITIONSHAPE($,$,(#785));
#787=IFCOPENINGELEMENT('1QJOthZmbD1hycLxppPRDL',#6,'Bolt Hole',$,$,#784,#786,$);
#788=IFCRELVOIDSELEMENT('0BRr_p_gz9aAWV_1Edu_If',#6,$,$,#720,#787);
#789=IFCCARTESIANPOINT((0.,0.));
#790=IFCDIRECTION((1.,0.));
#791=IFCAXIS2PLACEMENT2D(#789,#790);
#792=IFCCIRCLEPROFILEDEF(.AREA.,$,#791,9.);
#793=IFCCARTESIANPOINT((-48.,-328.,855.1));
#794=IFCDIRECTION((0.,1.,0.));
#795=IFCDIRECTION((1.,0.,0.));
#796=IFCAXIS2PLACEMENT3D(#793,#794,#795);
#797=IFCDIRECTION((0.,0.,1.));
#798=IFCEXTRUDEDAREASOLID(#792,#796,#797,213.);
#799=IFCCARTESIANPOINT((0.,0.,0.));
#800=IFCAXIS2PLACEMENT3D(#799,$,$);
#801=IFCLOCALPLACEMENT($,#800);
#802=IFCSHAPEREPRESENTATION(#18,'Body','SweptSolid',(#798));
#803=IFCPRODUCTDEFINITIONSHAPE($,$,(#802));
#804=IFCOPENINGELEMENT('3wkXteZmbBHhjYOozKgx8j',#6,'Bolt Hole',$,$,#801,#803,$);
#805=IFCRELVOIDSELEMENT('3ZIlTTdB97ruE_yF5KWhSk',#6,$,$,#720,#804);
#806=IFCCARTESIANPOINT((0.,0.));
#807=IFCDIRECTION((1.,0.));
#808=IFCAXIS2PLACEMENT2D(#806,#807);
#809=IFCCIRCLEPROFILEDEF(.AREA.,$,#808,9.);
#810=IFCCARTESIANPOINT((48.,-328.,855.1));
#811=IFCDIRECTION((0.,1.,0.));
#812=IFCDIRECTION((1.,0.,0.));
#813=IFCAXIS2PLACEMENT3D(#810,#811,#812);
#814=IFCDIRECTION((0.,0.,1.));
#815=IFCEXTRUDEDAREASOLID(#809,#813,#814,213.);
#816=IFCCARTESIANPOINT((0.,0.,0.));
#817=IFCAXIS2PLACEMENT3D(#816,$,$);
#818=IFCLOCALPLACEMENT($,#817);
#819=IFCSHAPEREPRESENTATION(#18,'Body','SweptSolid',(#815));
#820=IFCPRODUCTDEFINITIONSHAPE($,$,(#819));
#821=IFCOPENINGELEMENT('0QvvVT8jDD28kOqTk5lUOm',#6,'Bolt Hole',$,$,#818,#820,$);
#822=IFCRELVOIDSELEMENT('2TVLHFPnL33hEC8C20kW_Y',#6,$,$,#720,#821);
#823=IFCCARTESIANPOINT((0.,0.));
#824=IFCDIRECTION((1.,0.));
#825=IFCAXIS2PLACEMENT2D(#823,#824);
#826=IFCCIRCLEPROFILEDEF(.AREA.,$,#825,9.);
#827=IFCCARTESIANPOINT((-48.,-328.,619.9));
#828=IFCDIRECTION((0.,1.,0.));
#829=IFCDIRECTION((1.,0.,0.));
#830=IFCAXIS2PLACEMENT3D(#827,#828,#829);
#831=IFCDIRECTION((0.,0.,1.));
#832=IFCEXTRUDEDAREASOLID(#826,#830,#831,213.);
#833=IFCCARTESIANPOINT((0.,0.,0.));
#834=IFCAXIS2PLACEMENT3D(#833,$,$);
#835=IFCLOCALPLACEMENT($,#834);
#836=IFCSHAPEREPRESENTATION(#18,'Body','SweptSolid',(#832));
#837=IFCPRODUCTDEFINITIONSHAPE($,$,(#836));
#838=IFCOPENINGELEMENT('3QDFachADF9BiqEGPLQbdO',#6,'Bolt Hole',$,$,#835,#837,$);
#839=IFCRELVOIDSELEMENT('198_1oVuP1YPL_IURqmKB4',#6,$,$,#720,#838);
#840=IFCCARTESIANPOINT((0.,0.));
#841=IFCDIRECTION((1.,0.));
#842=IFCAXIS2PLACEMENT2D(#840,#841);
#843=IFCCIRCLEPROFILEDEF(.AREA.,$,#842,9.);
#844=IFCCARTESIANPOINT((48.,-328.,619.9));
#845=IFCDIRECTION((0.,1.,0.));
#846=IFCDIRECTION((1.,0.,0.));
#847=IFCAXIS2PLACEMENT3D(#844,#845,#846);
#848=IFCDIRECTION((0.,0.,1.));
#849=IFCEXTRUDEDAREASOLID(#843,#847,#848,213.);
#850=IFCCARTESIANPOINT((0.,0.,0.));
#851=IFCAXIS2PLACEMENT3D(#850,$,$);
#852=IFCLOCALPLACEMENT($,#851);
#853=IFCSHAPEREPRESENTATION(#18,'Body','SweptSolid',(#849));
#854=IFCPRODUCTDEFINITIONSHAPE($,$,(#853));
#855=IFCOPENINGELEMENT('2OA_mY66H2iwhEFIy6A$mO',#6,'Bolt Hole',$,$,#852,#854,$);
#856=IFCRELVOIDSELEMENT('3ELvhMk7f4zflQEkAPv3UJ',#6,$,$,#720,#855);
#857=IFCPROPERTYSINGLEVALUE('DesignCode','DesignCode',IFCLABEL('IS 800:2007'),$);
#858=IFCPROPERTYSINGLEVALUE('ExportTime','ExportTime',IFCLABEL('2026-04-13 14:37:48'),$);
#859=IFCPROPERTYSET('2svh_u$Pb0vvEQCyx1iVaU',#6,'Pset_OsdagDesignData',$,(#857,#858));
#860=IFCRELDEFINESBYPROPERTIES('1OQRzbPEP9XhHwbfQpf5qD',#6,$,$,(#720),#859);
#861=IFCQUANTITYLENGTH('Length','Length',$,422.6);
#862=IFCQUANTITYLENGTH('Width','Width',$,120.1);
#863=IFCQUANTITYLENGTH('Depth','Depth',$,18.);
#864=IFCQUANTITYAREA('GrossArea','GrossArea',$,0.05017825995);
#865=IFCQUANTITYVOLUME('NetVolume','NetVolume',$,0.0009032086791);
#866=IFCQUANTITYWEIGHT('NetWeight','NetWeight',$,7.090188130935);
#867=IFCELEMENTQUANTITY('1kyckTbSTB0wI5rXxwPasa',#6,'Qto_PlateBaseQuantities',$,'Custom',(#861,#862,#863,#864,#865,#866));
#868=IFCRELDEFINESBYPROPERTIES('29EjW70dXEMwmF2pOLNXbL',#6,$,$,(#720),#867);
#869=IFCCARTESIANPOINT((-64.95,0.,944.8));
#870=IFCDIRECTION((0.,0.,1.));
#871=IFCDIRECTION((0.,1.,0.));
#872=IFCAXIS2PLACEMENT3D(#869,#870,#871);
#873=IFCCARTESIANPOINT((-211.29,60.05));
#874=IFCCARTESIANPOINT((211.29,60.05));
#875=IFCCARTESIANPOINT((211.3,60.05));
#876=IFCCARTESIANPOINT((211.3,-36.05));
#877=IFCCARTESIANPOINT((187.3,-60.05));
#878=IFCCARTESIANPOINT((-187.3,-60.05));
#879=IFCCARTESIANPOINT((-211.3,-36.05));
#880=IFCCARTESIANPOINT((-211.3,60.05));
#881=IFCCARTESIANPOINT((-211.29,60.05));
#882=IFCPOLYLINE((#873,#874,#875,#876,#877,#878,#879,#880,#881));
#883=IFCARBITRARYCLOSEDPROFILEDEF(.AREA.,$,#882);
#884=IFCCARTESIANPOINT((-64.95,0.,944.8));
#885=IFCDIRECTION((0.,0.,1.));
#886=IFCDIRECTION((0.,1.,0.));
#887=IFCAXIS2PLACEMENT3D(#884,#885,#886);
#888=IFCDIRECTION((0.,0.,1.));
#889=IFCEXTRUDEDAREASOLID(#883,#887,#888,18.);
#890=IFCSHAPEREPRESENTATION(#18,'Body','SweptSolid',(#889));
#891=IFCPRODUCTDEFINITIONSHAPE($,$,(#890));
#892=IFCPLATE('3p$Xkf3MbA1x6Wr_MaYZzi',#6,'Continuity Plate',$,$,$,#891,$);
#893=IFCCARTESIANPOINT((0.,0.));
#894=IFCDIRECTION((1.,0.));
#895=IFCAXIS2PLACEMENT2D(#893,#894);
#896=IFCCIRCLEPROFILEDEF(.AREA.,$,#895,9.);
#897=IFCCARTESIANPOINT((-48.,-328.,910.1));
#898=IFCDIRECTION((0.,1.,0.));
#899=IFCDIRECTION((1.,0.,0.));
#900=IFCAXIS2PLACEMENT3D(#897,#898,#899);
#901=IFCDIRECTION((0.,0.,1.));
#902=IFCEXTRUDEDAREASOLID(#896,#900,#901,213.);
#903=IFCCARTESIANPOINT((0.,0.,0.));
#904=IFCAXIS2PLACEMENT3D(#903,$,$);
#905=IFCLOCALPLACEMENT($,#904);
#906=IFCSHAPEREPRESENTATION(#18,'Body','SweptSolid',(#902));
#907=IFCPRODUCTDEFINITIONSHAPE($,$,(#906));
#908=IFCOPENINGELEMENT('27ukTC92vCRO_LScM_R40A',#6,'Bolt Hole',$,$,#905,#907,$);
#909=IFCRELVOIDSELEMENT('0CYjMoWFD7ffPgPYn6QVGL',#6,$,$,#892,#908);
#910=IFCCARTESIANPOINT((0.,0.));
#911=IFCDIRECTION((1.,0.));
#912=IFCAXIS2PLACEMENT2D(#910,#911);
#913=IFCCIRCLEPROFILEDEF(.AREA.,$,#912,9.);
#914=IFCCARTESIANPOINT((48.,-328.,910.1));
#915=IFCDIRECTION((0.,1.,0.));
#916=IFCDIRECTION((1.,0.,0.));
#917=IFCAXIS2PLACEMENT3D(#914,#915,#916);
#918=IFCDIRECTION((0.,0.,1.));
#919=IFCEXTRUDEDAREASOLID(#913,#917,#918,213.);
#920=IFCCARTESIANPOINT((0.,0.,0.));
#921=IFCAXIS2PLACEMENT3D(#920,$,$);
#922=IFCLOCALPLACEMENT($,#921);
#923=IFCSHAPEREPRESENTATION(#18,'Body','SweptSolid',(#919));
#924=IFCPRODUCTDEFINITIONSHAPE($,$,(#923));
#925=IFCOPENINGELEMENT('3Hsspz55f1H9cWHfXouPHC',#6,'Bolt Hole',$,$,#922,#924,$);
#926=IFCRELVOIDSELEMENT('2Cpe4G85n7UeG1OEhnu48O',#6,$,$,#892,#925);
#927=IFCCARTESIANPOINT((0.,0.));
#928=IFCDIRECTION((1.,0.));
#929=IFCAXIS2PLACEMENT2D(#927,#928);
#930=IFCCIRCLEPROFILEDEF(.AREA.,$,#929,9.);
#931=IFCCARTESIANPOINT((-48.,-328.,564.9));
#932=IFCDIRECTION((0.,1.,0.));
#933=IFCDIRECTION((1.,0.,0.));
#934=IFCAXIS2PLACEMENT3D(#931,#932,#933);
#935=IFCDIRECTION((0.,0.,1.));
#936=IFCEXTRUDEDAREASOLID(#930,#934,#935,213.);
#937=IFCCARTESIANPOINT((0.,0.,0.));
#938=IFCAXIS2PLACEMENT3D(#937,$,$);
#939=IFCLOCALPLACEMENT($,#938);
#940=IFCSHAPEREPRESENTATION(#18,'Body','SweptSolid',(#936));
#941=IFCPRODUCTDEFINITIONSHAPE($,$,(#940));
#942=IFCOPENINGELEMENT('1gRv4v$zb1cP4UfKvAWcmW',#6,'Bolt Hole',$,$,#939,#941,$);
#943=IFCRELVOIDSELEMENT('3rK5_fST16iPptaJ4v2sdn',#6,$,$,#892,#942);
#944=IFCCARTESIANPOINT((0.,0.));
#945=IFCDIRECTION((1.,0.));
#946=IFCAXIS2PLACEMENT2D(#944,#945);
#947=IFCCIRCLEPROFILEDEF(.AREA.,$,#946,9.);
#948=IFCCARTESIANPOINT((48.,-328.,564.9));
#949=IFCDIRECTION((0.,1.,0.));
#950=IFCDIRECTION((1.,0.,0.));
#951=IFCAXIS2PLACEMENT3D(#948,#949,#950);
#952=IFCDIRECTION((0.,0.,1.));
#953=IFCEXTRUDEDAREASOLID(#947,#951,#952,213.);
#954=IFCCARTESIANPOINT((0.,0.,0.));
#955=IFCAXIS2PLACEMENT3D(#954,$,$);
#956=IFCLOCALPLACEMENT($,#955);
#957=IFCSHAPEREPRESENTATION(#18,'Body','SweptSolid',(#953));
#958=IFCPRODUCTDEFINITIONSHAPE($,$,(#957));
#959=IFCOPENINGELEMENT('2R7amje_XAdR4yhs61Fazk',#6,'Bolt Hole',$,$,#956,#958,$);
#960=IFCRELVOIDSELEMENT('3lLRvcZWD02ONLhl1mk4e$',#6,$,$,#892,#959);
#961=IFCCARTESIANPOINT((0.,0.));
#962=IFCDIRECTION((1.,0.));
#963=IFCAXIS2PLACEMENT2D(#961,#962);
#964=IFCCIRCLEPROFILEDEF(.AREA.,$,#963,9.);
#965=IFCCARTESIANPOINT((-48.,-328.,855.1));
#966=IFCDIRECTION((0.,1.,0.));
#967=IFCDIRECTION((1.,0.,0.));
#968=IFCAXIS2PLACEMENT3D(#965,#966,#967);
#969=IFCDIRECTION((0.,0.,1.));
#970=IFCEXTRUDEDAREASOLID(#964,#968,#969,213.);
#971=IFCCARTESIANPOINT((0.,0.,0.));
#972=IFCAXIS2PLACEMENT3D(#971,$,$);
#973=IFCLOCALPLACEMENT($,#972);
#974=IFCSHAPEREPRESENTATION(#18,'Body','SweptSolid',(#970));
#975=IFCPRODUCTDEFINITIONSHAPE($,$,(#974));
#976=IFCOPENINGELEMENT('3eK_cKiJf6_9dBmfJIDunQ',#6,'Bolt Hole',$,$,#973,#975,$);
#977=IFCRELVOIDSELEMENT('0AB9x_GJH2ngmkINEiMSnm',#6,$,$,#892,#976);
#978=IFCCARTESIANPOINT((0.,0.));
#979=IFCDIRECTION((1.,0.));
#980=IFCAXIS2PLACEMENT2D(#978,#979);
#981=IFCCIRCLEPROFILEDEF(.AREA.,$,#980,9.);
#982=IFCCARTESIANPOINT((48.,-328.,855.1));
#983=IFCDIRECTION((0.,1.,0.));
#984=IFCDIRECTION((1.,0.,0.));
#985=IFCAXIS2PLACEMENT3D(#982,#983,#984);
#986=IFCDIRECTION((0.,0.,1.));
#987=IFCEXTRUDEDAREASOLID(#981,#985,#986,213.);
#988=IFCCARTESIANPOINT((0.,0.,0.));
#989=IFCAXIS2PLACEMENT3D(#988,$,$);
#990=IFCLOCALPLACEMENT($,#989);
#991=IFCSHAPEREPRESENTATION(#18,'Body','SweptSolid',(#987));
#992=IFCPRODUCTDEFINITIONSHAPE($,$,(#991));
#993=IFCOPENINGELEMENT('2sVLne_Kr7Vgs4m9hsqzns',#6,'Bolt Hole',$,$,#990,#992,$);
#994=IFCRELVOIDSELEMENT('1ms0aS4XX3LRte7HYLbxUT',#6,$,$,#892,#993);
#995=IFCCARTESIANPOINT((0.,0.));
#996=IFCDIRECTION((1.,0.));
#997=IFCAXIS2PLACEMENT2D(#995,#996);
#998=IFCCIRCLEPROFILEDEF(.AREA.,$,#997,9.);
#999=IFCCARTESIANPOINT((-48.,-328.,619.9));
#1000=IFCDIRECTION((0.,1.,0.));
#1001=IFCDIRECTION((1.,0.,0.));
#1002=IFCAXIS2PLACEMENT3D(#999,#1000,#1001);
#1003=IFCDIRECTION((0.,0.,1.));
#1004=IFCEXTRUDEDAREASOLID(#998,#1002,#1003,213.);
#1005=IFCCARTESIANPOINT((0.,0.,0.));
#1006=IFCAXIS2PLACEMENT3D(#1005,$,$);
#1007=IFCLOCALPLACEMENT($,#1006);
#1008=IFCSHAPEREPRESENTATION(#18,'Body','SweptSolid',(#1004));
#1009=IFCPRODUCTDEFINITIONSHAPE($,$,(#1008));
#1010=IFCOPENINGELEMENT('35Aio1tMv7P8ilp05qLEqo',#6,'Bolt Hole',$,$,#1007,#1009,$);
#1011=IFCRELVOIDSELEMENT('12wVkGQtv9ZunaocjRXEsV',#6,$,$,#892,#1010);
#1012=IFCCARTESIANPOINT((0.,0.));
#1013=IFCDIRECTION((1.,0.));
#1014=IFCAXIS2PLACEMENT2D(#1012,#1013);
#1015=IFCCIRCLEPROFILEDEF(.AREA.,$,#1014,9.);
#1016=IFCCARTESIANPOINT((48.,-328.,619.9));
#1017=IFCDIRECTION((0.,1.,0.));
#1018=IFCDIRECTION((1.,0.,0.));
#1019=IFCAXIS2PLACEMENT3D(#1016,#1017,#1018);
#1020=IFCDIRECTION((0.,0.,1.));
#1021=IFCEXTRUDEDAREASOLID(#1015,#1019,#1020,213.);
#1022=IFCCARTESIANPOINT((0.,0.,0.));
#1023=IFCAXIS2PLACEMENT3D(#1022,$,$);
#1024=IFCLOCALPLACEMENT($,#1023);
#1025=IFCSHAPEREPRESENTATION(#18,'Body','SweptSolid',(#1021));
#1026=IFCPRODUCTDEFINITIONSHAPE($,$,(#1025));
#1027=IFCOPENINGELEMENT('0BN3tFLLT4jRzqvZT8RcBq',#6,'Bolt Hole',$,$,#1024,#1026,$);
#1028=IFCRELVOIDSELEMENT('0W_kiJxkH6bwrLtU_euCMc',#6,$,$,#892,#1027);
#1029=IFCPROPERTYSINGLEVALUE('DesignCode','DesignCode',IFCLABEL('IS 800:2007'),$);
#1030=IFCPROPERTYSINGLEVALUE('ExportTime','ExportTime',IFCLABEL('2026-04-13 14:37:48'),$);
#1031=IFCPROPERTYSET('1YkbS5A5LEEQXr9BhLE6GG',#6,'Pset_OsdagDesignData',$,(#1029,#1030));
#1032=IFCRELDEFINESBYPROPERTIES('0qXV4p9796rvylnHSJ8LrF',#6,$,$,(#892),#1031);
#1033=IFCQUANTITYLENGTH('Length','Length',$,422.6);
#1034=IFCQUANTITYLENGTH('Width','Width',$,120.1);
#1035=IFCQUANTITYLENGTH('Depth','Depth',$,18.);
#1036=IFCQUANTITYAREA('GrossArea','GrossArea',$,0.05017825995);
#1037=IFCQUANTITYVOLUME('NetVolume','NetVolume',$,0.0009032086791);
#1038=IFCQUANTITYWEIGHT('NetWeight','NetWeight',$,7.090188130935);
#1039=IFCELEMENTQUANTITY('2Q9RWpOwL61wc5Ufx$fTMr',#6,'Qto_PlateBaseQuantities',$,'Custom',(#1033,#1034,#1035,#1036,#1037,#1038));
#1040=IFCRELDEFINESBYPROPERTIES('01y2TP3gv7svWM1k1NpvoX',#6,$,$,(#892),#1039);
#1041=IFCCARTESIANPOINT((-64.95,0.,512.2));
#1042=IFCDIRECTION((0.,0.,1.));
#1043=IFCDIRECTION((0.,1.,0.));
#1044=IFCAXIS2PLACEMENT3D(#1041,#1042,#1043);
#1045=IFCCARTESIANPOINT((-211.29,60.05));
#1046=IFCCARTESIANPOINT((211.29,60.05));
#1047=IFCCARTESIANPOINT((211.3,60.05));
#1048=IFCCARTESIANPOINT((211.3,-36.05));
#1049=IFCCARTESIANPOINT((187.3,-60.05));
#1050=IFCCARTESIANPOINT((-187.3,-60.05));
#1051=IFCCARTESIANPOINT((-211.3,-36.05));
#1052=IFCCARTESIANPOINT((-211.3,60.05));
#1053=IFCCARTESIANPOINT((-211.29,60.05));
#1054=IFCPOLYLINE((#1045,#1046,#1047,#1048,#1049,#1050,#1051,#1052,#1053));
#1055=IFCARBITRARYCLOSEDPROFILEDEF(.AREA.,$,#1054);
#1056=IFCCARTESIANPOINT((-64.95,0.,512.2));
#1057=IFCDIRECTION((0.,0.,1.));
#1058=IFCDIRECTION((0.,1.,0.));
#1059=IFCAXIS2PLACEMENT3D(#1056,#1057,#1058);
#1060=IFCDIRECTION((0.,0.,1.));
#1061=IFCEXTRUDEDAREASOLID(#1055,#1059,#1060,18.);
#1062=IFCSHAPEREPRESENTATION(#18,'Body','SweptSolid',(#1061));
#1063=IFCPRODUCTDEFINITIONSHAPE($,$,(#1062));
#1064=IFCPLATE('1TOe3eGPH10fV4ahsVLCEV',#6,'Continuity Plate',$,$,$,#1063,$);
#1065=IFCCARTESIANPOINT((0.,0.));
#1066=IFCDIRECTION((1.,0.));
#1067=IFCAXIS2PLACEMENT2D(#1065,#1066);
#1068=IFCCIRCLEPROFILEDEF(.AREA.,$,#1067,9.);
#1069=IFCCARTESIANPOINT((-48.,-328.,910.1));
#1070=IFCDIRECTION((0.,1.,0.));
#1071=IFCDIRECTION((1.,0.,0.));
#1072=IFCAXIS2PLACEMENT3D(#1069,#1070,#1071);
#1073=IFCDIRECTION((0.,0.,1.));
#1074=IFCEXTRUDEDAREASOLID(#1068,#1072,#1073,213.);
#1075=IFCCARTESIANPOINT((0.,0.,0.));
#1076=IFCAXIS2PLACEMENT3D(#1075,$,$);
#1077=IFCLOCALPLACEMENT($,#1076);
#1078=IFCSHAPEREPRESENTATION(#18,'Body','SweptSolid',(#1074));
#1079=IFCPRODUCTDEFINITIONSHAPE($,$,(#1078));
#1080=IFCOPENINGELEMENT('3GEf79dyn9UASjB582ksS1',#6,'Bolt Hole',$,$,#1077,#1079,$);
#1081=IFCRELVOIDSELEMENT('3dYc5HZmb5EB2CcfL1Fedi',#6,$,$,#1064,#1080);
#1082=IFCCARTESIANPOINT((0.,0.));
#1083=IFCDIRECTION((1.,0.));
#1084=IFCAXIS2PLACEMENT2D(#1082,#1083);
#1085=IFCCIRCLEPROFILEDEF(.AREA.,$,#1084,9.);
#1086=IFCCARTESIANPOINT((48.,-328.,910.1));
#1087=IFCDIRECTION((0.,1.,0.));
#1088=IFCDIRECTION((1.,0.,0.));
#1089=IFCAXIS2PLACEMENT3D(#1086,#1087,#1088);
#1090=IFCDIRECTION((0.,0.,1.));
#1091=IFCEXTRUDEDAREASOLID(#1085,#1089,#1090,213.);
#1092=IFCCARTESIANPOINT((0.,0.,0.));
#1093=IFCAXIS2PLACEMENT3D(#1092,$,$);
#1094=IFCLOCALPLACEMENT($,#1093);
#1095=IFCSHAPEREPRESENTATION(#18,'Body','SweptSolid',(#1091));
#1096=IFCPRODUCTDEFINITIONSHAPE($,$,(#1095));
#1097=IFCOPENINGELEMENT('3$UeylOAT5h9j3hy5NFaqC',#6,'Bolt Hole',$,$,#1094,#1096,$);
#1098=IFCRELVOIDSELEMENT('3rGfavfJL3UBQVrmh7Ldxj',#6,$,$,#1064,#1097);
#1099=IFCCARTESIANPOINT((0.,0.));
#1100=IFCDIRECTION((1.,0.));
#1101=IFCAXIS2PLACEMENT2D(#1099,#1100);
#1102=IFCCIRCLEPROFILEDEF(.AREA.,$,#1101,9.);
#1103=IFCCARTESIANPOINT((-48.,-328.,564.9));
#1104=IFCDIRECTION((0.,1.,0.));
#1105=IFCDIRECTION((1.,0.,0.));
#1106=IFCAXIS2PLACEMENT3D(#1103,#1104,#1105);
#1107=IFCDIRECTION((0.,0.,1.));
#1108=IFCEXTRUDEDAREASOLID(#1102,#1106,#1107,213.);
#1109=IFCCARTESIANPOINT((0.,0.,0.));
#1110=IFCAXIS2PLACEMENT3D(#1109,$,$);
#1111=IFCLOCALPLACEMENT($,#1110);
#1112=IFCSHAPEREPRESENTATION(#18,'Body','SweptSolid',(#1108));
#1113=IFCPRODUCTDEFINITIONSHAPE($,$,(#1112));
#1114=IFCOPENINGELEMENT('3sBTMFjEb7YOyVgINd4MJe',#6,'Bolt Hole',$,$,#1111,#1113,$);
#1115=IFCRELVOIDSELEMENT('30yuHgRz95VAwGfaepQFxH',#6,$,$,#1064,#1114);
#1116=IFCCARTESIANPOINT((0.,0.));
#1117=IFCDIRECTION((1.,0.));
#1118=IFCAXIS2PLACEMENT2D(#1116,#1117);
#1119=IFCCIRCLEPROFILEDEF(.AREA.,$,#1118,9.);
#1120=IFCCARTESIANPOINT((48.,-328.,564.9));
#1121=IFCDIRECTION((0.,1.,0.));
#1122=IFCDIRECTION((1.,0.,0.));
#1123=IFCAXIS2PLACEMENT3D(#1120,#1121,#1122);
#1124=IFCDIRECTION((0.,0.,1.));
#1125=IFCEXTRUDEDAREASOLID(#1119,#1123,#1124,213.);
#1126=IFCCARTESIANPOINT((0.,0.,0.));
#1127=IFCAXIS2PLACEMENT3D(#1126,$,$);
#1128=IFCLOCALPLACEMENT($,#1127);
#1129=IFCSHAPEREPRESENTATION(#18,'Body','SweptSolid',(#1125));
#1130=IFCPRODUCTDEFINITIONSHAPE($,$,(#1129));
#1131=IFCOPENINGELEMENT('3UUtEPqY5A3fa$2YCuPnTm',#6,'Bolt Hole',$,$,#1128,#1130,$);
#1132=IFCRELVOIDSELEMENT('2RMECGcQLFDv1hYUhT_vjy',#6,$,$,#1064,#1131);
#1133=IFCCARTESIANPOINT((0.,0.));
#1134=IFCDIRECTION((1.,0.));
#1135=IFCAXIS2PLACEMENT2D(#1133,#1134);
#1136=IFCCIRCLEPROFILEDEF(.AREA.,$,#1135,9.);
#1137=IFCCARTESIANPOINT((-48.,-328.,855.1));
#1138=IFCDIRECTION((0.,1.,0.));
#1139=IFCDIRECTION((1.,0.,0.));
#1140=IFCAXIS2PLACEMENT3D(#1137,#1138,#1139);
#1141=IFCDIRECTION((0.,0.,1.));
#1142=IFCEXTRUDEDAREASOLID(#1136,#1140,#1141,213.);
#1143=IFCCARTESIANPOINT((0.,0.,0.));
#1144=IFCAXIS2PLACEMENT3D(#1143,$,$);
#1145=IFCLOCALPLACEMENT($,#1144);
#1146=IFCSHAPEREPRESENTATION(#18,'Body','SweptSolid',(#1142));
#1147=IFCPRODUCTDEFINITIONSHAPE($,$,(#1146));
#1148=IFCOPENINGELEMENT('0eg9kTG9v0f9FDIWS4tFn$',#6,'Bolt Hole',$,$,#1145,#1147,$);
#1149=IFCRELVOIDSELEMENT('2mhTuUj7j1E840vzPRPAL4',#6,$,$,#1064,#1148);
#1150=IFCCARTESIANPOINT((0.,0.));
#1151=IFCDIRECTION((1.,0.));
#1152=IFCAXIS2PLACEMENT2D(#1150,#1151);
#1153=IFCCIRCLEPROFILEDEF(.AREA.,$,#1152,9.);
#1154=IFCCARTESIANPOINT((48.,-328.,855.1));
#1155=IFCDIRECTION((0.,1.,0.));
#1156=IFCDIRECTION((1.,0.,0.));
#1157=IFCAXIS2PLACEMENT3D(#1154,#1155,#1156);
#1158=IFCDIRECTION((0.,0.,1.));
#1159=IFCEXTRUDEDAREASOLID(#1153,#1157,#1158,213.);
#1160=IFCCARTESIANPOINT((0.,0.,0.));
#1161=IFCAXIS2PLACEMENT3D(#1160,$,$);
#1162=IFCLOCALPLACEMENT($,#1161);
#1163=IFCSHAPEREPRESENTATION(#18,'Body','SweptSolid',(#1159));
#1164=IFCPRODUCTDEFINITIONSHAPE($,$,(#1163));
#1165=IFCOPENINGELEMENT('2sWma60uzBKAViDzD3SF4d',#6,'Bolt Hole',$,$,#1162,#1164,$);
#1166=IFCRELVOIDSELEMENT('0og0Zvuqv8UuDFzo3wCIrO',#6,$,$,#1064,#1165);
#1167=IFCCARTESIANPOINT((0.,0.));
#1168=IFCDIRECTION((1.,0.));
#1169=IFCAXIS2PLACEMENT2D(#1167,#1168);
#1170=IFCCIRCLEPROFILEDEF(.AREA.,$,#1169,9.);
#1171=IFCCARTESIANPOINT((-48.,-328.,619.9));
#1172=IFCDIRECTION((0.,1.,0.));
#1173=IFCDIRECTION((1.,0.,0.));
#1174=IFCAXIS2PLACEMENT3D(#1171,#1172,#1173);
#1175=IFCDIRECTION((0.,0.,1.));
#1176=IFCEXTRUDEDAREASOLID(#1170,#1174,#1175,213.);
#1177=IFCCARTESIANPOINT((0.,0.,0.));
#1178=IFCAXIS2PLACEMENT3D(#1177,$,$);
#1179=IFCLOCALPLACEMENT($,#1178);
#1180=IFCSHAPEREPRESENTATION(#18,'Body','SweptSolid',(#1176));
#1181=IFCPRODUCTDEFINITIONSHAPE($,$,(#1180));
#1182=IFCOPENINGELEMENT('1kbce5_X918h3CLrryKIx1',#6,'Bolt Hole',$,$,#1179,#1181,$);
#1183=IFCRELVOIDSELEMENT('2c7QAM0DT5v9trKfxRb3BT',#6,$,$,#1064,#1182);
#1184=IFCCARTESIANPOINT((0.,0.));
#1185=IFCDIRECTION((1.,0.));
#1186=IFCAXIS2PLACEMENT2D(#1184,#1185);
#1187=IFCCIRCLEPROFILEDEF(.AREA.,$,#1186,9.);
#1188=IFCCARTESIANPOINT((48.,-328.,619.9));
#1189=IFCDIRECTION((0.,1.,0.));
#1190=IFCDIRECTION((1.,0.,0.));
#1191=IFCAXIS2PLACEMENT3D(#1188,#1189,#1190);
#1192=IFCDIRECTION((0.,0.,1.));
#1193=IFCEXTRUDEDAREASOLID(#1187,#1191,#1192,213.);
#1194=IFCCARTESIANPOINT((0.,0.,0.));
#1195=IFCAXIS2PLACEMENT3D(#1194,$,$);
#1196=IFCLOCALPLACEMENT($,#1195);
#1197=IFCSHAPEREPRESENTATION(#18,'Body','SweptSolid',(#1193));
#1198=IFCPRODUCTDEFINITIONSHAPE($,$,(#1197));
#1199=IFCOPENINGELEMENT('2mefXXHjv4gQ0iubZ2l0UA',#6,'Bolt Hole',$,$,#1196,#1198,$);
#1200=IFCRELVOIDSELEMENT('0OgoYHG9n0P80KGVhs62M0',#6,$,$,#1064,#1199);
#1201=IFCPROPERTYSINGLEVALUE('DesignCode','DesignCode',IFCLABEL('IS 800:2007'),$);
#1202=IFCPROPERTYSINGLEVALUE('ExportTime','ExportTime',IFCLABEL('2026-04-13 14:37:48'),$);
#1203=IFCPROPERTYSET('2KPrcLBmzF4Pu$Am5nDLTr',#6,'Pset_OsdagDesignData',$,(#1201,#1202));
#1204=IFCRELDEFINESBYPROPERTIES('3ggUJkTUT7i9dAkguiAHGG',#6,$,$,(#1064),#1203);
#1205=IFCQUANTITYLENGTH('Length','Length',$,422.6);
#1206=IFCQUANTITYLENGTH('Width','Width',$,120.1);
#1207=IFCQUANTITYLENGTH('Depth','Depth',$,18.);
#1208=IFCQUANTITYAREA('GrossArea','GrossArea',$,0.05017825995);
#1209=IFCQUANTITYVOLUME('NetVolume','NetVolume',$,0.0009032086791);
#1210=IFCQUANTITYWEIGHT('NetWeight','NetWeight',$,7.090188130935);
#1211=IFCELEMENTQUANTITY('2Xi3r4sRzF0hHc7h5XiAfB',#6,'Qto_PlateBaseQuantities',$,'Custom',(#1205,#1206,#1207,#1208,#1209,#1210));
#1212=IFCRELDEFINESBYPROPERTIES('0TuBcEnIjCH8PBh5iadjjO',#6,$,$,(#1064),#1211);
#1213=IFCCARTESIANPOINT((12.,0.));
#1214=IFCCARTESIANPOINT((6.,10.3923048454133));
#1215=IFCCARTESIANPOINT((-6.,10.3923048454133));
#1216=IFCCARTESIANPOINT((-12.,1.46957615897682E-15));
#1217=IFCCARTESIANPOINT((-6.00000000000001,-10.3923048454133));
#1218=IFCCARTESIANPOINT((6.,-10.3923048454133));
#1219=IFCCARTESIANPOINT((12.,0.));
#1220=IFCPOLYLINE((#1213,#1214,#1215,#1216,#1217,#1218,#1219));
#1221=IFCARBITRARYCLOSEDPROFILEDEF(.AREA.,$,#1220);
#1222=IFCCARTESIANPOINT((0.,0.,0.));
#1223=IFCDIRECTION((0.,0.,1.));
#1224=IFCDIRECTION((1.,0.,0.));
#1225=IFCAXIS2PLACEMENT3D(#1222,#1223,#1224);
#1226=IFCDIRECTION((0.,0.,-1.));
#1227=IFCEXTRUDEDAREASOLID(#1221,#1225,#1226,10.);
#1228=IFCCARTESIANPOINT((0.,0.));
#1229=IFCDIRECTION((1.,0.));
#1230=IFCAXIS2PLACEMENT2D(#1228,#1229);
#1231=IFCCIRCLEPROFILEDEF(.AREA.,$,#1230,8.);
#1232=IFCCARTESIANPOINT((0.,0.,0.));
#1233=IFCDIRECTION((0.,0.,1.));
#1234=IFCDIRECTION((1.,0.,0.));
#1235=IFCAXIS2PLACEMENT3D(#1232,#1233,#1234);
#1236=IFCDIRECTION((0.,0.,1.));
#1237=IFCEXTRUDEDAREASOLID(#1231,#1235,#1236,71.);
#1238=IFCSHAPEREPRESENTATION(#18,'Body','SweptSolid',(#1227,#1237));
#1239=IFCCARTESIANPOINT((0.,0.,0.));
#1240=IFCDIRECTION((0.,0.,1.));
#1241=IFCDIRECTION((1.,0.,0.));
#1242=IFCAXIS2PLACEMENT3D(#1239,#1240,#1241);
#1243=IFCREPRESENTATIONMAP(#1242,#1238);
#1244=IFCDIRECTION((1.,0.,0.));
#1245=IFCDIRECTION((0.,0.,-1.));
#1246=IFCDIRECTION((0.,1.,0.));
#1247=IFCCARTESIANPOINT((-48.,-257.,910.1));
#1248=IFCCARTESIANTRANSFORMATIONOPERATOR3D(#1244,#1245,#1247,1.,#1246);
#1249=IFCMAPPEDITEM(#1243,#1248);
#1250=IFCSHAPEREPRESENTATION(#18,'Body','MappedRepresentation',(#1249));
#1251=IFCPRODUCTDEFINITIONSHAPE($,$,(#1250));
#1252=IFCFASTENER('3lgB6RflPDMfECp2db5Tlk',#6,'Bolt Assembly',$,$,$,#1251,$);
#1253=IFCQUANTITYLENGTH('Length','Length',$,71.);
#1254=IFCQUANTITYCOUNT('Count','Count',$,1.);
#1255=IFCELEMENTQUANTITY('3ZSatqTRnBAAbvlB507kKJ',#6,'Qto_FastenerBaseQuantities',$,'Custom',(#1253,#1254));
#1256=IFCRELDEFINESBYPROPERTIES('0L_lMSpJHDtvT8QYfPEAfB',#6,$,$,(#1252),#1255);
#1257=IFCCARTESIANPOINT((12.,0.));
#1258=IFCCARTESIANPOINT((6.,10.3923048454133));
#1259=IFCCARTESIANPOINT((-6.,10.3923048454133));
#1260=IFCCARTESIANPOINT((-12.,1.46957615897682E-15));
#1261=IFCCARTESIANPOINT((-6.00000000000001,-10.3923048454133));
#1262=IFCCARTESIANPOINT((6.,-10.3923048454133));
#1263=IFCCARTESIANPOINT((12.,0.));
#1264=IFCPOLYLINE((#1257,#1258,#1259,#1260,#1261,#1262,#1263));
#1265=IFCARBITRARYCLOSEDPROFILEDEF(.AREA.,$,#1264);
#1266=IFCCARTESIANPOINT((0.,0.,0.));
#1267=IFCDIRECTION((0.,0.,1.));
#1268=IFCDIRECTION((1.,0.,0.));
#1269=IFCAXIS2PLACEMENT3D(#1266,#1267,#1268);
#1270=IFCDIRECTION((0.,0.,-1.));
#1271=IFCEXTRUDEDAREASOLID(#1265,#1269,#1270,10.);
#1272=IFCCARTESIANPOINT((0.,0.));
#1273=IFCDIRECTION((1.,0.));
#1274=IFCAXIS2PLACEMENT2D(#1272,#1273);
#1275=IFCCIRCLEPROFILEDEF(.AREA.,$,#1274,8.);
#1276=IFCCARTESIANPOINT((0.,0.,0.));
#1277=IFCDIRECTION((0.,0.,1.));
#1278=IFCDIRECTION((1.,0.,0.));
#1279=IFCAXIS2PLACEMENT3D(#1276,#1277,#1278);
#1280=IFCDIRECTION((0.,0.,1.));
#1281=IFCEXTRUDEDAREASOLID(#1275,#1279,#1280,71.);
#1282=IFCSHAPEREPRESENTATION(#18,'Body','SweptSolid',(#1271,#1281));
#1283=IFCCARTESIANPOINT((0.,0.,0.));
#1284=IFCDIRECTION((0.,0.,1.));
#1285=IFCDIRECTION((1.,0.,0.));
#1286=IFCAXIS2PLACEMENT3D(#1283,#1284,#1285);
#1287=IFCREPRESENTATIONMAP(#1286,#1282);
#1288=IFCDIRECTION((1.,0.,0.));
#1289=IFCDIRECTION((0.,0.,-1.));
#1290=IFCDIRECTION((0.,1.,0.));
#1291=IFCCARTESIANPOINT((48.,-257.,910.1));
#1292=IFCCARTESIANTRANSFORMATIONOPERATOR3D(#1288,#1289,#1291,1.,#1290);
#1293=IFCMAPPEDITEM(#1287,#1292);
#1294=IFCSHAPEREPRESENTATION(#18,'Body','MappedRepresentation',(#1293));
#1295=IFCPRODUCTDEFINITIONSHAPE($,$,(#1294));
#1296=IFCFASTENER('1PV2KdXSHF4vkCR4uyFOQy',#6,'Bolt Assembly',$,$,$,#1295,$);
#1297=IFCQUANTITYLENGTH('Length','Length',$,71.);
#1298=IFCQUANTITYCOUNT('Count','Count',$,1.);
#1299=IFCELEMENTQUANTITY('23ACl1Qir5vR0CgfJ4q$qU',#6,'Qto_FastenerBaseQuantities',$,'Custom',(#1297,#1298));
#1300=IFCRELDEFINESBYPROPERTIES('1_OQeNXPXEpRCFxsylYzeK',#6,$,$,(#1296),#1299);
#1301=IFCCARTESIANPOINT((12.,0.));
#1302=IFCCARTESIANPOINT((6.,10.3923048454133));
#1303=IFCCARTESIANPOINT((-6.,10.3923048454133));
#1304=IFCCARTESIANPOINT((-12.,1.46957615897682E-15));
#1305=IFCCARTESIANPOINT((-6.00000000000001,-10.3923048454133));
#1306=IFCCARTESIANPOINT((6.,-10.3923048454133));
#1307=IFCCARTESIANPOINT((12.,0.));
#1308=IFCPOLYLINE((#1301,#1302,#1303,#1304,#1305,#1306,#1307));
#1309=IFCARBITRARYCLOSEDPROFILEDEF(.AREA.,$,#1308);
#1310=IFCCARTESIANPOINT((0.,0.,0.));
#1311=IFCDIRECTION((0.,0.,1.));
#1312=IFCDIRECTION((1.,0.,0.));
#1313=IFCAXIS2PLACEMENT3D(#1310,#1311,#1312);
#1314=IFCDIRECTION((0.,0.,-1.));
#1315=IFCEXTRUDEDAREASOLID(#1309,#1313,#1314,10.);
#1316=IFCCARTESIANPOINT((0.,0.));
#1317=IFCDIRECTION((1.,0.));
#1318=IFCAXIS2PLACEMENT2D(#1316,#1317);
#1319=IFCCIRCLEPROFILEDEF(.AREA.,$,#1318,8.);
#1320=IFCCARTESIANPOINT((0.,0.,0.));
#1321=IFCDIRECTION((0.,0.,1.));
#1322=IFCDIRECTION((1.,0.,0.));
#1323=IFCAXIS2PLACEMENT3D(#1320,#1321,#1322);
#1324=IFCDIRECTION((0.,0.,1.));
#1325=IFCEXTRUDEDAREASOLID(#1319,#1323,#1324,71.);
#1326=IFCSHAPEREPRESENTATION(#18,'Body','SweptSolid',(#1315,#1325));
#1327=IFCCARTESIANPOINT((0.,0.,0.));
#1328=IFCDIRECTION((0.,0.,1.));
#1329=IFCDIRECTION((1.,0.,0.));
#1330=IFCAXIS2PLACEMENT3D(#1327,#1328,#1329);
#1331=IFCREPRESENTATIONMAP(#1330,#1326);
#1332=IFCDIRECTION((1.,0.,0.));
#1333=IFCDIRECTION((0.,0.,-1.));
#1334=IFCDIRECTION((0.,1.,0.));
#1335=IFCCARTESIANPOINT((-48.,-257.,564.9));
#1336=IFCCARTESIANTRANSFORMATIONOPERATOR3D(#1332,#1333,#1335,1.,#1334);
#1337=IFCMAPPEDITEM(#1331,#1336);
#1338=IFCSHAPEREPRESENTATION(#18,'Body','MappedRepresentation',(#1337));
#1339=IFCPRODUCTDEFINITIONSHAPE($,$,(#1338));
#1340=IFCFASTENER('0Swy9yXxLDqB3engT_m6xk',#6,'Bolt Assembly',$,$,$,#1339,$);
#1341=IFCQUANTITYLENGTH('Length','Length',$,71.);
#1342=IFCQUANTITYCOUNT('Count','Count',$,1.);
#1343=IFCELEMENTQUANTITY('3Xtk0KzADFyf4xJ90dZzjj',#6,'Qto_FastenerBaseQuantities',$,'Custom',(#1341,#1342));
#1344=IFCRELDEFINESBYPROPERTIES('2jF$oWjar63eVhj8HiyDTi',#6,$,$,(#1340),#1343);
#1345=IFCCARTESIANPOINT((12.,0.));
#1346=IFCCARTESIANPOINT((6.,10.3923048454133));
#1347=IFCCARTESIANPOINT((-6.,10.3923048454133));
#1348=IFCCARTESIANPOINT((-12.,1.46957615897682E-15));
#1349=IFCCARTESIANPOINT((-6.00000000000001,-10.3923048454133));
#1350=IFCCARTESIANPOINT((6.,-10.3923048454133));
#1351=IFCCARTESIANPOINT((12.,0.));
#1352=IFCPOLYLINE((#1345,#1346,#1347,#1348,#1349,#1350,#1351));
#1353=IFCARBITRARYCLOSEDPROFILEDEF(.AREA.,$,#1352);
#1354=IFCCARTESIANPOINT((0.,0.,0.));
#1355=IFCDIRECTION((0.,0.,1.));
#1356=IFCDIRECTION((1.,0.,0.));
#1357=IFCAXIS2PLACEMENT3D(#1354,#1355,#1356);
#1358=IFCDIRECTION((0.,0.,-1.));
#1359=IFCEXTRUDEDAREASOLID(#1353,#1357,#1358,10.);
#1360=IFCCARTESIANPOINT((0.,0.));
#1361=IFCDIRECTION((1.,0.));
#1362=IFCAXIS2PLACEMENT2D(#1360,#1361);
#1363=IFCCIRCLEPROFILEDEF(.AREA.,$,#1362,8.);
#1364=IFCCARTESIANPOINT((0.,0.,0.));
#1365=IFCDIRECTION((0.,0.,1.));
#1366=IFCDIRECTION((1.,0.,0.));
#1367=IFCAXIS2PLACEMENT3D(#1364,#1365,#1366);
#1368=IFCDIRECTION((0.,0.,1.));
#1369=IFCEXTRUDEDAREASOLID(#1363,#1367,#1368,71.);
#1370=IFCSHAPEREPRESENTATION(#18,'Body','SweptSolid',(#1359,#1369));
#1371=IFCCARTESIANPOINT((0.,0.,0.));
#1372=IFCDIRECTION((0.,0.,1.));
#1373=IFCDIRECTION((1.,0.,0.));
#1374=IFCAXIS2PLACEMENT3D(#1371,#1372,#1373);
#1375=IFCREPRESENTATIONMAP(#1374,#1370);
#1376=IFCDIRECTION((1.,0.,0.));
#1377=IFCDIRECTION((0.,0.,-1.));
#1378=IFCDIRECTION((0.,1.,0.));
#1379=IFCCARTESIANPOINT((48.,-257.,564.9));
#1380=IFCCARTESIANTRANSFORMATIONOPERATOR3D(#1376,#1377,#1379,1.,#1378);
#1381=IFCMAPPEDITEM(#1375,#1380);
#1382=IFCSHAPEREPRESENTATION(#18,'Body','MappedRepresentation',(#1381));
#1383=IFCPRODUCTDEFINITIONSHAPE($,$,(#1382));
#1384=IFCFASTENER('2oqxuQD8z6nhMqDIt2024U',#6,'Bolt Assembly',$,$,$,#1383,$);
#1385=IFCQUANTITYLENGTH('Length','Length',$,71.);
#1386=IFCQUANTITYCOUNT('Count','Count',$,1.);
#1387=IFCELEMENTQUANTITY('2gDPOXKyfCn9FgPhl5r81K',#6,'Qto_FastenerBaseQuantities',$,'Custom',(#1385,#1386));
#1388=IFCRELDEFINESBYPROPERTIES('1rEJkQScXFYOU4F1Mcynjw',#6,$,$,(#1384),#1387);
#1389=IFCCARTESIANPOINT((12.,0.));
#1390=IFCCARTESIANPOINT((6.,10.3923048454133));
#1391=IFCCARTESIANPOINT((-6.,10.3923048454133));
#1392=IFCCARTESIANPOINT((-12.,1.46957615897682E-15));
#1393=IFCCARTESIANPOINT((-6.00000000000001,-10.3923048454133));
#1394=IFCCARTESIANPOINT((6.,-10.3923048454133));
#1395=IFCCARTESIANPOINT((12.,0.));
#1396=IFCPOLYLINE((#1389,#1390,#1391,#1392,#1393,#1394,#1395));
#1397=IFCARBITRARYCLOSEDPROFILEDEF(.AREA.,$,#1396);
#1398=IFCCARTESIANPOINT((0.,0.,0.));
#1399=IFCDIRECTION((0.,0.,1.));
#1400=IFCDIRECTION((1.,0.,0.));
#1401=IFCAXIS2PLACEMENT3D(#1398,#1399,#1400);
#1402=IFCDIRECTION((0.,0.,-1.));
#1403=IFCEXTRUDEDAREASOLID(#1397,#1401,#1402,10.);
#1404=IFCCARTESIANPOINT((0.,0.));
#1405=IFCDIRECTION((1.,0.));
#1406=IFCAXIS2PLACEMENT2D(#1404,#1405);
#1407=IFCCIRCLEPROFILEDEF(.AREA.,$,#1406,8.);
#1408=IFCCARTESIANPOINT((0.,0.,0.));
#1409=IFCDIRECTION((0.,0.,1.));
#1410=IFCDIRECTION((1.,0.,0.));
#1411=IFCAXIS2PLACEMENT3D(#1408,#1409,#1410);
#1412=IFCDIRECTION((0.,0.,1.));
#1413=IFCEXTRUDEDAREASOLID(#1407,#1411,#1412,71.);
#1414=IFCSHAPEREPRESENTATION(#18,'Body','SweptSolid',(#1403,#1413));
#1415=IFCCARTESIANPOINT((0.,0.,0.));
#1416=IFCDIRECTION((0.,0.,1.));
#1417=IFCDIRECTION((1.,0.,0.));
#1418=IFCAXIS2PLACEMENT3D(#1415,#1416,#1417);
#1419=IFCREPRESENTATIONMAP(#1418,#1414);
#1420=IFCDIRECTION((1.,0.,0.));
#1421=IFCDIRECTION((0.,0.,-1.));
#1422=IFCDIRECTION((0.,1.,0.));
#1423=IFCCARTESIANPOINT((-48.,-257.,855.1));
#1424=IFCCARTESIANTRANSFORMATIONOPERATOR3D(#1420,#1421,#1423,1.,#1422);
#1425=IFCMAPPEDITEM(#1419,#1424);
#1426=IFCSHAPEREPRESENTATION(#18,'Body','MappedRepresentation',(#1425));
#1427=IFCPRODUCTDEFINITIONSHAPE($,$,(#1426));
#1428=IFCFASTENER('3FGAkW9fD35xWgCdS62h2u',#6,'Bolt Assembly',$,$,$,#1427,$);
#1429=IFCQUANTITYLENGTH('Length','Length',$,71.);
#1430=IFCQUANTITYCOUNT('Count','Count',$,1.);
#1431=IFCELEMENTQUANTITY('22ua9iuSv9feIy$p5Ews43',#6,'Qto_FastenerBaseQuantities',$,'Custom',(#1429,#1430));
#1432=IFCRELDEFINESBYPROPERTIES('2vIXle4qrEZxMRJJx2rPih',#6,$,$,(#1428),#1431);
#1433=IFCCARTESIANPOINT((12.,0.));
#1434=IFCCARTESIANPOINT((6.,10.3923048454133));
#1435=IFCCARTESIANPOINT((-6.,10.3923048454133));
#1436=IFCCARTESIANPOINT((-12.,1.46957615897682E-15));
#1437=IFCCARTESIANPOINT((-6.00000000000001,-10.3923048454133));
#1438=IFCCARTESIANPOINT((6.,-10.3923048454133));
#1439=IFCCARTESIANPOINT((12.,0.));
#1440=IFCPOLYLINE((#1433,#1434,#1435,#1436,#1437,#1438,#1439));
#1441=IFCARBITRARYCLOSEDPROFILEDEF(.AREA.,$,#1440);
#1442=IFCCARTESIANPOINT((0.,0.,0.));
#1443=IFCDIRECTION((0.,0.,1.));
#1444=IFCDIRECTION((1.,0.,0.));
#1445=IFCAXIS2PLACEMENT3D(#1442,#1443,#1444);
#1446=IFCDIRECTION((0.,0.,-1.));
#1447=IFCEXTRUDEDAREASOLID(#1441,#1445,#1446,10.);
#1448=IFCCARTESIANPOINT((0.,0.));
#1449=IFCDIRECTION((1.,0.));
#1450=IFCAXIS2PLACEMENT2D(#1448,#1449);
#1451=IFCCIRCLEPROFILEDEF(.AREA.,$,#1450,8.);
#1452=IFCCARTESIANPOINT((0.,0.,0.));
#1453=IFCDIRECTION((0.,0.,1.));
#1454=IFCDIRECTION((1.,0.,0.));
#1455=IFCAXIS2PLACEMENT3D(#1452,#1453,#1454);
#1456=IFCDIRECTION((0.,0.,1.));
#1457=IFCEXTRUDEDAREASOLID(#1451,#1455,#1456,71.);
#1458=IFCSHAPEREPRESENTATION(#18,'Body','SweptSolid',(#1447,#1457));
#1459=IFCCARTESIANPOINT((0.,0.,0.));
#1460=IFCDIRECTION((0.,0.,1.));
#1461=IFCDIRECTION((1.,0.,0.));
#1462=IFCAXIS2PLACEMENT3D(#1459,#1460,#1461);
#1463=IFCREPRESENTATIONMAP(#1462,#1458);
#1464=IFCDIRECTION((1.,0.,0.));
#1465=IFCDIRECTION((0.,0.,-1.));
#1466=IFCDIRECTION((0.,1.,0.));
#1467=IFCCARTESIANPOINT((48.,-257.,855.1));
#1468=IFCCARTESIANTRANSFORMATIONOPERATOR3D(#1464,#1465,#1467,1.,#1466);
#1469=IFCMAPPEDITEM(#1463,#1468);
#1470=IFCSHAPEREPRESENTATION(#18,'Body','MappedRepresentation',(#1469));
#1471=IFCPRODUCTDEFINITIONSHAPE($,$,(#1470));
#1472=IFCFASTENER('375E112nr4u8N66GlxhNy9',#6,'Bolt Assembly',$,$,$,#1471,$);
#1473=IFCQUANTITYLENGTH('Length','Length',$,71.);
#1474=IFCQUANTITYCOUNT('Count','Count',$,1.);
#1475=IFCELEMENTQUANTITY('2zpUN8RgX9Jv61RTZnFPwa',#6,'Qto_FastenerBaseQuantities',$,'Custom',(#1473,#1474));
#1476=IFCRELDEFINESBYPROPERTIES('1Q0hiHpBn199P949QV8owa',#6,$,$,(#1472),#1475);
#1477=IFCCARTESIANPOINT((12.,0.));
#1478=IFCCARTESIANPOINT((6.,10.3923048454133));
#1479=IFCCARTESIANPOINT((-6.,10.3923048454133));
#1480=IFCCARTESIANPOINT((-12.,1.46957615897682E-15));
#1481=IFCCARTESIANPOINT((-6.00000000000001,-10.3923048454133));
#1482=IFCCARTESIANPOINT((6.,-10.3923048454133));
#1483=IFCCARTESIANPOINT((12.,0.));
#1484=IFCPOLYLINE((#1477,#1478,#1479,#1480,#1481,#1482,#1483));
#1485=IFCARBITRARYCLOSEDPROFILEDEF(.AREA.,$,#1484);
#1486=IFCCARTESIANPOINT((0.,0.,0.));
#1487=IFCDIRECTION((0.,0.,1.));
#1488=IFCDIRECTION((1.,0.,0.));
#1489=IFCAXIS2PLACEMENT3D(#1486,#1487,#1488);
#1490=IFCDIRECTION((0.,0.,-1.));
#1491=IFCEXTRUDEDAREASOLID(#1485,#1489,#1490,10.);
#1492=IFCCARTESIANPOINT((0.,0.));
#1493=IFCDIRECTION((1.,0.));
#1494=IFCAXIS2PLACEMENT2D(#1492,#1493);
#1495=IFCCIRCLEPROFILEDEF(.AREA.,$,#1494,8.);
#1496=IFCCARTESIANPOINT((0.,0.,0.));
#1497=IFCDIRECTION((0.,0.,1.));
#1498=IFCDIRECTION((1.,0.,0.));
#1499=IFCAXIS2PLACEMENT3D(#1496,#1497,#1498);
#1500=IFCDIRECTION((0.,0.,1.));
#1501=IFCEXTRUDEDAREASOLID(#1495,#1499,#1500,71.);
#1502=IFCSHAPEREPRESENTATION(#18,'Body','SweptSolid',(#1491,#1501));
#1503=IFCCARTESIANPOINT((0.,0.,0.));
#1504=IFCDIRECTION((0.,0.,1.));
#1505=IFCDIRECTION((1.,0.,0.));
#1506=IFCAXIS2PLACEMENT3D(#1503,#1504,#1505);
#1507=IFCREPRESENTATIONMAP(#1506,#1502);
#1508=IFCDIRECTION((1.,0.,0.));
#1509=IFCDIRECTION((0.,0.,-1.));
#1510=IFCDIRECTION((0.,1.,0.));
#1511=IFCCARTESIANPOINT((-48.,-257.,619.9));
#1512=IFCCARTESIANTRANSFORMATIONOPERATOR3D(#1508,#1509,#1511,1.,#1510);
#1513=IFCMAPPEDITEM(#1507,#1512);
#1514=IFCSHAPEREPRESENTATION(#18,'Body','MappedRepresentation',(#1513));
#1515=IFCPRODUCTDEFINITIONSHAPE($,$,(#1514));
#1516=IFCFASTENER('0UG1B1iM1AcvkQO7bsZf7u',#6,'Bolt Assembly',$,$,$,#1515,$);
#1517=IFCQUANTITYLENGTH('Length','Length',$,71.);
#1518=IFCQUANTITYCOUNT('Count','Count',$,1.);
#1519=IFCELEMENTQUANTITY('0gsS8BKOjBqxklih8NdUST',#6,'Qto_FastenerBaseQuantities',$,'Custom',(#1517,#1518));
#1520=IFCRELDEFINESBYPROPERTIES('09Wnby40D0D96oLHRW76yq',#6,$,$,(#1516),#1519);
#1521=IFCCARTESIANPOINT((12.,0.));
#1522=IFCCARTESIANPOINT((6.,10.3923048454133));
#1523=IFCCARTESIANPOINT((-6.,10.3923048454133));
#1524=IFCCARTESIANPOINT((-12.,1.46957615897682E-15));
#1525=IFCCARTESIANPOINT((-6.00000000000001,-10.3923048454133));
#1526=IFCCARTESIANPOINT((6.,-10.3923048454133));
#1527=IFCCARTESIANPOINT((12.,0.));
#1528=IFCPOLYLINE((#1521,#1522,#1523,#1524,#1525,#1526,#1527));
#1529=IFCARBITRARYCLOSEDPROFILEDEF(.AREA.,$,#1528);
#1530=IFCCARTESIANPOINT((0.,0.,0.));
#1531=IFCDIRECTION((0.,0.,1.));
#1532=IFCDIRECTION((1.,0.,0.));
#1533=IFCAXIS2PLACEMENT3D(#1530,#1531,#1532);
#1534=IFCDIRECTION((0.,0.,-1.));
#1535=IFCEXTRUDEDAREASOLID(#1529,#1533,#1534,10.);
#1536=IFCCARTESIANPOINT((0.,0.));
#1537=IFCDIRECTION((1.,0.));
#1538=IFCAXIS2PLACEMENT2D(#1536,#1537);
#1539=IFCCIRCLEPROFILEDEF(.AREA.,$,#1538,8.);
#1540=IFCCARTESIANPOINT((0.,0.,0.));
#1541=IFCDIRECTION((0.,0.,1.));
#1542=IFCDIRECTION((1.,0.,0.));
#1543=IFCAXIS2PLACEMENT3D(#1540,#1541,#1542);
#1544=IFCDIRECTION((0.,0.,1.));
#1545=IFCEXTRUDEDAREASOLID(#1539,#1543,#1544,71.);
#1546=IFCSHAPEREPRESENTATION(#18,'Body','SweptSolid',(#1535,#1545));
#1547=IFCCARTESIANPOINT((0.,0.,0.));
#1548=IFCDIRECTION((0.,0.,1.));
#1549=IFCDIRECTION((1.,0.,0.));
#1550=IFCAXIS2PLACEMENT3D(#1547,#1548,#1549);
#1551=IFCREPRESENTATIONMAP(#1550,#1546);
#1552=IFCDIRECTION((1.,0.,0.));
#1553=IFCDIRECTION((0.,0.,-1.));
#1554=IFCDIRECTION((0.,1.,0.));
#1555=IFCCARTESIANPOINT((48.,-257.,619.9));
#1556=IFCCARTESIANTRANSFORMATIONOPERATOR3D(#1552,#1553,#1555,1.,#1554);
#1557=IFCMAPPEDITEM(#1551,#1556);
#1558=IFCSHAPEREPRESENTATION(#18,'Body','MappedRepresentation',(#1557));
#1559=IFCPRODUCTDEFINITIONSHAPE($,$,(#1558));
#1560=IFCFASTENER('1pZFeBC751r8w_MFVVIZPL',#6,'Bolt Assembly',$,$,$,#1559,$);
#1561=IFCQUANTITYLENGTH('Length','Length',$,71.);
#1562=IFCQUANTITYCOUNT('Count','Count',$,1.);
#1563=IFCELEMENTQUANTITY('24rhoFRTz6SOZC0gTD8bEt',#6,'Qto_FastenerBaseQuantities',$,'Custom',(#1561,#1562));
#1564=IFCRELDEFINESBYPROPERTIES('1kmIf0UcfB1OmiEV$6N$A6',#6,$,$,(#1560),#1563);
#1565=IFCCARTESIANPOINT((12.,0.));
#1566=IFCCARTESIANPOINT((6.,10.3923048454133));
#1567=IFCCARTESIANPOINT((-6.,10.3923048454133));
#1568=IFCCARTESIANPOINT((-12.,1.46957615897682E-15));
#1569=IFCCARTESIANPOINT((-6.00000000000001,-10.3923048454133));
#1570=IFCCARTESIANPOINT((6.,-10.3923048454133));
#1571=IFCCARTESIANPOINT((12.,0.));
#1572=IFCPOLYLINE((#1565,#1566,#1567,#1568,#1569,#1570,#1571));
#1573=IFCCARTESIANPOINT((0.,0.));
#1574=IFCDIRECTION((1.,0.));
#1575=IFCAXIS2PLACEMENT2D(#1573,#1574);
#1576=IFCCIRCLE(#1575,8.);
#1577=IFCARBITRARYPROFILEDEFWITHVOIDS(.AREA.,'Hex Nut Profile',#1572,(#1576));
#1578=IFCCARTESIANPOINT((0.,0.,0.));
#1579=IFCDIRECTION((0.,0.,1.));
#1580=IFCDIRECTION((1.,0.,0.));
#1581=IFCAXIS2PLACEMENT3D(#1578,#1579,#1580);
#1582=IFCDIRECTION((0.,0.,1.));
#1583=IFCEXTRUDEDAREASOLID(#1577,#1581,#1582,14.8);
#1584=IFCSHAPEREPRESENTATION(#18,'Body','SweptSolid',(#1583));
#1585=IFCCARTESIANPOINT((0.,0.,0.));
#1586=IFCDIRECTION((0.,0.,1.));
#1587=IFCDIRECTION((1.,0.,0.));
#1588=IFCAXIS2PLACEMENT3D(#1585,#1586,#1587);
#1589=IFCREPRESENTATIONMAP(#1588,#1584);
#1590=IFCDIRECTION((1.,0.,0.));
#1591=IFCDIRECTION((0.,0.,1.));
#1592=IFCDIRECTION((-0.,-1.,-0.));
#1593=IFCCARTESIANPOINT((-48.,-196.5,910.1));
#1594=IFCCARTESIANTRANSFORMATIONOPERATOR3D(#1590,#1591,#1593,1.,#1592);
#1595=IFCMAPPEDITEM(#1589,#1594);
#1596=IFCSHAPEREPRESENTATION(#18,'Body','MappedRepresentation',(#1595));
#1597=IFCPRODUCTDEFINITIONSHAPE($,$,(#1596));
#1598=IFCFASTENER('2jakb_Id969wReqMNrrQw1',#6,'Bolt Assembly',$,$,$,#1597,$);
#1599=IFCQUANTITYLENGTH('Length','Length',$,14.8);
#1600=IFCQUANTITYCOUNT('Count','Count',$,1.);
#1601=IFCELEMENTQUANTITY('2CHwauKVHAugB5_hnL_Em4',#6,'Qto_FastenerBaseQuantities',$,'Custom',(#1599,#1600));
#1602=IFCRELDEFINESBYPROPERTIES('0In0YFtQnFgA614RAXu7GS',#6,$,$,(#1598),#1601);
#1603=IFCCARTESIANPOINT((12.,0.));
#1604=IFCCARTESIANPOINT((6.,10.3923048454133));
#1605=IFCCARTESIANPOINT((-6.,10.3923048454133));
#1606=IFCCARTESIANPOINT((-12.,1.46957615897682E-15));
#1607=IFCCARTESIANPOINT((-6.00000000000001,-10.3923048454133));
#1608=IFCCARTESIANPOINT((6.,-10.3923048454133));
#1609=IFCCARTESIANPOINT((12.,0.));
#1610=IFCPOLYLINE((#1603,#1604,#1605,#1606,#1607,#1608,#1609));
#1611=IFCCARTESIANPOINT((0.,0.));
#1612=IFCDIRECTION((1.,0.));
#1613=IFCAXIS2PLACEMENT2D(#1611,#1612);
#1614=IFCCIRCLE(#1613,8.);
#1615=IFCARBITRARYPROFILEDEFWITHVOIDS(.AREA.,'Hex Nut Profile',#1610,(#1614));
#1616=IFCCARTESIANPOINT((0.,0.,0.));
#1617=IFCDIRECTION((0.,0.,1.));
#1618=IFCDIRECTION((1.,0.,0.));
#1619=IFCAXIS2PLACEMENT3D(#1616,#1617,#1618);
#1620=IFCDIRECTION((0.,0.,1.));
#1621=IFCEXTRUDEDAREASOLID(#1615,#1619,#1620,14.8);
#1622=IFCSHAPEREPRESENTATION(#18,'Body','SweptSolid',(#1621));
#1623=IFCCARTESIANPOINT((0.,0.,0.));
#1624=IFCDIRECTION((0.,0.,1.));
#1625=IFCDIRECTION((1.,0.,0.));
#1626=IFCAXIS2PLACEMENT3D(#1623,#1624,#1625);
#1627=IFCREPRESENTATIONMAP(#1626,#1622);
#1628=IFCDIRECTION((1.,0.,0.));
#1629=IFCDIRECTION((0.,0.,1.));
#1630=IFCDIRECTION((-0.,-1.,-0.));
#1631=IFCCARTESIANPOINT((48.,-196.5,910.1));
#1632=IFCCARTESIANTRANSFORMATIONOPERATOR3D(#1628,#1629,#1631,1.,#1630);
#1633=IFCMAPPEDITEM(#1627,#1632);
#1634=IFCSHAPEREPRESENTATION(#18,'Body','MappedRepresentation',(#1633));
#1635=IFCPRODUCTDEFINITIONSHAPE($,$,(#1634));
#1636=IFCFASTENER('1a$2M1yQn0GhJYd5naYYNp',#6,'Bolt Assembly',$,$,$,#1635,$);
#1637=IFCQUANTITYLENGTH('Length','Length',$,14.8);
#1638=IFCQUANTITYCOUNT('Count','Count',$,1.);
#1639=IFCELEMENTQUANTITY('0JwqRdDfv4axyNcoCZUf61',#6,'Qto_FastenerBaseQuantities',$,'Custom',(#1637,#1638));
#1640=IFCRELDEFINESBYPROPERTIES('0q2c0T07L1ZPGXD2ILFViq',#6,$,$,(#1636),#1639);
#1641=IFCCARTESIANPOINT((12.,0.));
#1642=IFCCARTESIANPOINT((6.,10.3923048454133));
#1643=IFCCARTESIANPOINT((-6.,10.3923048454133));
#1644=IFCCARTESIANPOINT((-12.,1.46957615897682E-15));
#1645=IFCCARTESIANPOINT((-6.00000000000001,-10.3923048454133));
#1646=IFCCARTESIANPOINT((6.,-10.3923048454133));
#1647=IFCCARTESIANPOINT((12.,0.));
#1648=IFCPOLYLINE((#1641,#1642,#1643,#1644,#1645,#1646,#1647));
#1649=IFCCARTESIANPOINT((0.,0.));
#1650=IFCDIRECTION((1.,0.));
#1651=IFCAXIS2PLACEMENT2D(#1649,#1650);
#1652=IFCCIRCLE(#1651,8.);
#1653=IFCARBITRARYPROFILEDEFWITHVOIDS(.AREA.,'Hex Nut Profile',#1648,(#1652));
#1654=IFCCARTESIANPOINT((0.,0.,0.));
#1655=IFCDIRECTION((0.,0.,1.));
#1656=IFCDIRECTION((1.,0.,0.));
#1657=IFCAXIS2PLACEMENT3D(#1654,#1655,#1656);
#1658=IFCDIRECTION((0.,0.,1.));
#1659=IFCEXTRUDEDAREASOLID(#1653,#1657,#1658,14.8);
#1660=IFCSHAPEREPRESENTATION(#18,'Body','SweptSolid',(#1659));
#1661=IFCCARTESIANPOINT((0.,0.,0.));
#1662=IFCDIRECTION((0.,0.,1.));
#1663=IFCDIRECTION((1.,0.,0.));
#1664=IFCAXIS2PLACEMENT3D(#1661,#1662,#1663);
#1665=IFCREPRESENTATIONMAP(#1664,#1660);
#1666=IFCDIRECTION((1.,0.,0.));
#1667=IFCDIRECTION((0.,0.,1.));
#1668=IFCDIRECTION((-0.,-1.,-0.));
#1669=IFCCARTESIANPOINT((-48.,-196.5,564.9));
#1670=IFCCARTESIANTRANSFORMATIONOPERATOR3D(#1666,#1667,#1669,1.,#1668);
#1671=IFCMAPPEDITEM(#1665,#1670);
#1672=IFCSHAPEREPRESENTATION(#18,'Body','MappedRepresentation',(#1671));
#1673=IFCPRODUCTDEFINITIONSHAPE($,$,(#1672));
#1674=IFCFASTENER('1H94eEgbPEsgw3zOJJU$q1',#6,'Bolt Assembly',$,$,$,#1673,$);
#1675=IFCQUANTITYLENGTH('Length','Length',$,14.8);
#1676=IFCQUANTITYCOUNT('Count','Count',$,1.);
#1677=IFCELEMENTQUANTITY('2GSovFgCzDSxKWi8aY_e0U',#6,'Qto_FastenerBaseQuantities',$,'Custom',(#1675,#1676));
#1678=IFCRELDEFINESBYPROPERTIES('1QBw93Jo1E2f0V7pPFYmnl',#6,$,$,(#1674),#1677);
#1679=IFCCARTESIANPOINT((12.,0.));
#1680=IFCCARTESIANPOINT((6.,10.3923048454133));
#1681=IFCCARTESIANPOINT((-6.,10.3923048454133));
#1682=IFCCARTESIANPOINT((-12.,1.46957615897682E-15));
#1683=IFCCARTESIANPOINT((-6.00000000000001,-10.3923048454133));
#1684=IFCCARTESIANPOINT((6.,-10.3923048454133));
#1685=IFCCARTESIANPOINT((12.,0.));
#1686=IFCPOLYLINE((#1679,#1680,#1681,#1682,#1683,#1684,#1685));
#1687=IFCCARTESIANPOINT((0.,0.));
#1688=IFCDIRECTION((1.,0.));
#1689=IFCAXIS2PLACEMENT2D(#1687,#1688);
#1690=IFCCIRCLE(#1689,8.);
#1691=IFCARBITRARYPROFILEDEFWITHVOIDS(.AREA.,'Hex Nut Profile',#1686,(#1690));
#1692=IFCCARTESIANPOINT((0.,0.,0.));
#1693=IFCDIRECTION((0.,0.,1.));
#1694=IFCDIRECTION((1.,0.,0.));
#1695=IFCAXIS2PLACEMENT3D(#1692,#1693,#1694);
#1696=IFCDIRECTION((0.,0.,1.));
#1697=IFCEXTRUDEDAREASOLID(#1691,#1695,#1696,14.8);
#1698=IFCSHAPEREPRESENTATION(#18,'Body','SweptSolid',(#1697));
#1699=IFCCARTESIANPOINT((0.,0.,0.));
#1700=IFCDIRECTION((0.,0.,1.));
#1701=IFCDIRECTION((1.,0.,0.));
#1702=IFCAXIS2PLACEMENT3D(#1699,#1700,#1701);
#1703=IFCREPRESENTATIONMAP(#1702,#1698);
#1704=IFCDIRECTION((1.,0.,0.));
#1705=IFCDIRECTION((0.,0.,1.));
#1706=IFCDIRECTION((-0.,-1.,-0.));
#1707=IFCCARTESIANPOINT((48.,-196.5,564.9));
#1708=IFCCARTESIANTRANSFORMATIONOPERATOR3D(#1704,#1705,#1707,1.,#1706);
#1709=IFCMAPPEDITEM(#1703,#1708);
#1710=IFCSHAPEREPRESENTATION(#18,'Body','MappedRepresentation',(#1709));
#1711=IFCPRODUCTDEFINITIONSHAPE($,$,(#1710));
#1712=IFCFASTENER('2srwGqJt50k8iR8KJ3IV8K',#6,'Bolt Assembly',$,$,$,#1711,$);
#1713=IFCQUANTITYLENGTH('Length','Length',$,14.8);
#1714=IFCQUANTITYCOUNT('Count','Count',$,1.);
#1715=IFCELEMENTQUANTITY('1AQEU8YX1AKuIt5sgosdQQ',#6,'Qto_FastenerBaseQuantities',$,'Custom',(#1713,#1714));
#1716=IFCRELDEFINESBYPROPERTIES('2Qdz5lP05C7gkrLNtICsay',#6,$,$,(#1712),#1715);
#1717=IFCCARTESIANPOINT((12.,0.));
#1718=IFCCARTESIANPOINT((6.,10.3923048454133));
#1719=IFCCARTESIANPOINT((-6.,10.3923048454133));
#1720=IFCCARTESIANPOINT((-12.,1.46957615897682E-15));
#1721=IFCCARTESIANPOINT((-6.00000000000001,-10.3923048454133));
#1722=IFCCARTESIANPOINT((6.,-10.3923048454133));
#1723=IFCCARTESIANPOINT((12.,0.));
#1724=IFCPOLYLINE((#1717,#1718,#1719,#1720,#1721,#1722,#1723));
#1725=IFCCARTESIANPOINT((0.,0.));
#1726=IFCDIRECTION((1.,0.));
#1727=IFCAXIS2PLACEMENT2D(#1725,#1726);
#1728=IFCCIRCLE(#1727,8.);
#1729=IFCARBITRARYPROFILEDEFWITHVOIDS(.AREA.,'Hex Nut Profile',#1724,(#1728));
#1730=IFCCARTESIANPOINT((0.,0.,0.));
#1731=IFCDIRECTION((0.,0.,1.));
#1732=IFCDIRECTION((1.,0.,0.));
#1733=IFCAXIS2PLACEMENT3D(#1730,#1731,#1732);
#1734=IFCDIRECTION((0.,0.,1.));
#1735=IFCEXTRUDEDAREASOLID(#1729,#1733,#1734,14.8);
#1736=IFCSHAPEREPRESENTATION(#18,'Body','SweptSolid',(#1735));
#1737=IFCCARTESIANPOINT((0.,0.,0.));
#1738=IFCDIRECTION((0.,0.,1.));
#1739=IFCDIRECTION((1.,0.,0.));
#1740=IFCAXIS2PLACEMENT3D(#1737,#1738,#1739);
#1741=IFCREPRESENTATIONMAP(#1740,#1736);
#1742=IFCDIRECTION((1.,0.,0.));
#1743=IFCDIRECTION((0.,0.,1.));
#1744=IFCDIRECTION((-0.,-1.,-0.));
#1745=IFCCARTESIANPOINT((-48.,-196.5,855.1));
#1746=IFCCARTESIANTRANSFORMATIONOPERATOR3D(#1742,#1743,#1745,1.,#1744);
#1747=IFCMAPPEDITEM(#1741,#1746);
#1748=IFCSHAPEREPRESENTATION(#18,'Body','MappedRepresentation',(#1747));
#1749=IFCPRODUCTDEFINITIONSHAPE($,$,(#1748));
#1750=IFCFASTENER('3BNd$$q7H66vI6jnxXAfXd',#6,'Bolt Assembly',$,$,$,#1749,$);
#1751=IFCQUANTITYLENGTH('Length','Length',$,14.8);
#1752=IFCQUANTITYCOUNT('Count','Count',$,1.);
#1753=IFCELEMENTQUANTITY('1Kb8$g5fr6fv4LhMWK9yWy',#6,'Qto_FastenerBaseQuantities',$,'Custom',(#1751,#1752));
#1754=IFCRELDEFINESBYPROPERTIES('1ef3E9ak98_xqWqq_kUtQz',#6,$,$,(#1750),#1753);
#1755=IFCCARTESIANPOINT((12.,0.));
#1756=IFCCARTESIANPOINT((6.,10.3923048454133));
#1757=IFCCARTESIANPOINT((-6.,10.3923048454133));
#1758=IFCCARTESIANPOINT((-12.,1.46957615897682E-15));
#1759=IFCCARTESIANPOINT((-6.00000000000001,-10.3923048454133));
#1760=IFCCARTESIANPOINT((6.,-10.3923048454133));
#1761=IFCCARTESIANPOINT((12.,0.));
#1762=IFCPOLYLINE((#1755,#1756,#1757,#1758,#1759,#1760,#1761));
#1763=IFCCARTESIANPOINT((0.,0.));
#1764=IFCDIRECTION((1.,0.));
#1765=IFCAXIS2PLACEMENT2D(#1763,#1764);
#1766=IFCCIRCLE(#1765,8.);
#1767=IFCARBITRARYPROFILEDEFWITHVOIDS(.AREA.,'Hex Nut Profile',#1762,(#1766));
#1768=IFCCARTESIANPOINT((0.,0.,0.));
#1769=IFCDIRECTION((0.,0.,1.));
#1770=IFCDIRECTION((1.,0.,0.));
#1771=IFCAXIS2PLACEMENT3D(#1768,#1769,#1770);
#1772=IFCDIRECTION((0.,0.,1.));
#1773=IFCEXTRUDEDAREASOLID(#1767,#1771,#1772,14.8);
#1774=IFCSHAPEREPRESENTATION(#18,'Body','SweptSolid',(#1773));
#1775=IFCCARTESIANPOINT((0.,0.,0.));
#1776=IFCDIRECTION((0.,0.,1.));
#1777=IFCDIRECTION((1.,0.,0.));
#1778=IFCAXIS2PLACEMENT3D(#1775,#1776,#1777);
#1779=IFCREPRESENTATIONMAP(#1778,#1774);
#1780=IFCDIRECTION((1.,0.,0.));
#1781=IFCDIRECTION((0.,0.,1.));
#1782=IFCDIRECTION((-0.,-1.,-0.));
#1783=IFCCARTESIANPOINT((48.,-196.5,855.1));
#1784=IFCCARTESIANTRANSFORMATIONOPERATOR3D(#1780,#1781,#1783,1.,#1782);
#1785=IFCMAPPEDITEM(#1779,#1784);
#1786=IFCSHAPEREPRESENTATION(#18,'Body','MappedRepresentation',(#1785));
#1787=IFCPRODUCTDEFINITIONSHAPE($,$,(#1786));
#1788=IFCFASTENER('2OqRoyTxzBQ9QYooko2fgR',#6,'Bolt Assembly',$,$,$,#1787,$);
#1789=IFCQUANTITYLENGTH('Length','Length',$,14.8);
#1790=IFCQUANTITYCOUNT('Count','Count',$,1.);
#1791=IFCELEMENTQUANTITY('1MrUcG_Kf20u$9mf_xsVmG',#6,'Qto_FastenerBaseQuantities',$,'Custom',(#1789,#1790));
#1792=IFCRELDEFINESBYPROPERTIES('2hZ5hsZPr7cfFKxxIRnOfb',#6,$,$,(#1788),#1791);
#1793=IFCCARTESIANPOINT((12.,0.));
#1794=IFCCARTESIANPOINT((6.,10.3923048454133));
#1795=IFCCARTESIANPOINT((-6.,10.3923048454133));
#1796=IFCCARTESIANPOINT((-12.,1.46957615897682E-15));
#1797=IFCCARTESIANPOINT((-6.00000000000001,-10.3923048454133));
#1798=IFCCARTESIANPOINT((6.,-10.3923048454133));
#1799=IFCCARTESIANPOINT((12.,0.));
#1800=IFCPOLYLINE((#1793,#1794,#1795,#1796,#1797,#1798,#1799));
#1801=IFCCARTESIANPOINT((0.,0.));
#1802=IFCDIRECTION((1.,0.));
#1803=IFCAXIS2PLACEMENT2D(#1801,#1802);
#1804=IFCCIRCLE(#1803,8.);
#1805=IFCARBITRARYPROFILEDEFWITHVOIDS(.AREA.,'Hex Nut Profile',#1800,(#1804));
#1806=IFCCARTESIANPOINT((0.,0.,0.));
#1807=IFCDIRECTION((0.,0.,1.));
#1808=IFCDIRECTION((1.,0.,0.));
#1809=IFCAXIS2PLACEMENT3D(#1806,#1807,#1808);
#1810=IFCDIRECTION((0.,0.,1.));
#1811=IFCEXTRUDEDAREASOLID(#1805,#1809,#1810,14.8);
#1812=IFCSHAPEREPRESENTATION(#18,'Body','SweptSolid',(#1811));
#1813=IFCCARTESIANPOINT((0.,0.,0.));
#1814=IFCDIRECTION((0.,0.,1.));
#1815=IFCDIRECTION((1.,0.,0.));
#1816=IFCAXIS2PLACEMENT3D(#1813,#1814,#1815);
#1817=IFCREPRESENTATIONMAP(#1816,#1812);
#1818=IFCDIRECTION((1.,0.,0.));
#1819=IFCDIRECTION((0.,0.,1.));
#1820=IFCDIRECTION((-0.,-1.,-0.));
#1821=IFCCARTESIANPOINT((-48.,-196.5,619.9));
#1822=IFCCARTESIANTRANSFORMATIONOPERATOR3D(#1818,#1819,#1821,1.,#1820);
#1823=IFCMAPPEDITEM(#1817,#1822);
#1824=IFCSHAPEREPRESENTATION(#18,'Body','MappedRepresentation',(#1823));
#1825=IFCPRODUCTDEFINITIONSHAPE($,$,(#1824));
#1826=IFCFASTENER('3qDxbPDJf6Y8E6MD$NHWOG',#6,'Bolt Assembly',$,$,$,#1825,$);
#1827=IFCQUANTITYLENGTH('Length','Length',$,14.8);
#1828=IFCQUANTITYCOUNT('Count','Count',$,1.);
#1829=IFCELEMENTQUANTITY('1nrxOgG2vFle7oSDsyYs3b',#6,'Qto_FastenerBaseQuantities',$,'Custom',(#1827,#1828));
#1830=IFCRELDEFINESBYPROPERTIES('2z98zpMwHF5BAiSMbPl75x',#6,$,$,(#1826),#1829);
#1831=IFCCARTESIANPOINT((12.,0.));
#1832=IFCCARTESIANPOINT((6.,10.3923048454133));
#1833=IFCCARTESIANPOINT((-6.,10.3923048454133));
#1834=IFCCARTESIANPOINT((-12.,1.46957615897682E-15));
#1835=IFCCARTESIANPOINT((-6.00000000000001,-10.3923048454133));
#1836=IFCCARTESIANPOINT((6.,-10.3923048454133));
#1837=IFCCARTESIANPOINT((12.,0.));
#1838=IFCPOLYLINE((#1831,#1832,#1833,#1834,#1835,#1836,#1837));
#1839=IFCCARTESIANPOINT((0.,0.));
#1840=IFCDIRECTION((1.,0.));
#1841=IFCAXIS2PLACEMENT2D(#1839,#1840);
#1842=IFCCIRCLE(#1841,8.);
#1843=IFCARBITRARYPROFILEDEFWITHVOIDS(.AREA.,'Hex Nut Profile',#1838,(#1842));
#1844=IFCCARTESIANPOINT((0.,0.,0.));
#1845=IFCDIRECTION((0.,0.,1.));
#1846=IFCDIRECTION((1.,0.,0.));
#1847=IFCAXIS2PLACEMENT3D(#1844,#1845,#1846);
#1848=IFCDIRECTION((0.,0.,1.));
#1849=IFCEXTRUDEDAREASOLID(#1843,#1847,#1848,14.8);
#1850=IFCSHAPEREPRESENTATION(#18,'Body','SweptSolid',(#1849));
#1851=IFCCARTESIANPOINT((0.,0.,0.));
#1852=IFCDIRECTION((0.,0.,1.));
#1853=IFCDIRECTION((1.,0.,0.));
#1854=IFCAXIS2PLACEMENT3D(#1851,#1852,#1853);
#1855=IFCREPRESENTATIONMAP(#1854,#1850);
#1856=IFCDIRECTION((1.,0.,0.));
#1857=IFCDIRECTION((0.,0.,1.));
#1858=IFCDIRECTION((-0.,-1.,-0.));
#1859=IFCCARTESIANPOINT((48.,-196.5,619.9));
#1860=IFCCARTESIANTRANSFORMATIONOPERATOR3D(#1856,#1857,#1859,1.,#1858);
#1861=IFCMAPPEDITEM(#1855,#1860);
#1862=IFCSHAPEREPRESENTATION(#18,'Body','MappedRepresentation',(#1861));
#1863=IFCPRODUCTDEFINITIONSHAPE($,$,(#1862));
#1864=IFCFASTENER('0IjX2jSTnE3PIFyFXpaMkU',#6,'Bolt Assembly',$,$,$,#1863,$);
#1865=IFCQUANTITYLENGTH('Length','Length',$,14.8);
#1866=IFCQUANTITYCOUNT('Count','Count',$,1.);
#1867=IFCELEMENTQUANTITY('131p0qv019R93eMviF0u0Y',#6,'Qto_FastenerBaseQuantities',$,'Custom',(#1865,#1866));
#1868=IFCRELDEFINESBYPROPERTIES('1bu8Bt0R1ABQ7BQPncp5sW',#6,$,$,(#1864),#1867);
#1869=IFCCARTESIANPOINT((0.,0.));
#1870=IFCDIRECTION((1.,0.));
#1871=IFCAXIS2PLACEMENT2D(#1869,#1870);
#1872=IFCRECTANGLEPROFILEDEF(.AREA.,$,#1871,9.4,17.4);
#1873=IFCCARTESIANPOINT((-75.,-261.7,953.8));
#1874=IFCDIRECTION((1.,0.,0.));
#1875=IFCDIRECTION((0.,-1.,0.));
#1876=IFCAXIS2PLACEMENT3D(#1873,#1874,#1875);
#1877=IFCDIRECTION((0.,0.,1.));
#1878=IFCEXTRUDEDAREASOLID(#1872,#1876,#1877,150.);
#1879=IFCSHAPEREPRESENTATION(#18,'Body','SweptSolid',(#1878));
#1880=IFCPRODUCTDEFINITIONSHAPE($,$,(#1879));
#1881=IFCFASTENER('00i8dTbvz9yQBdTe8BCN$w',#6,'Weld Joint',$,'WELD',$,#1880,$);
#1882=IFCPROPERTYSINGLEVALUE('DesignCode','DesignCode',IFCLABEL('IS 800:2007'),$);
#1883=IFCPROPERTYSINGLEVALUE('ExportTime','ExportTime',IFCLABEL('2026-04-13 14:37:48'),$);
#1884=IFCPROPERTYSET('0CCnk35bPCbBssPvr1$Wb8',#6,'Pset_OsdagDesignData',$,(#1882,#1883));
#1885=IFCRELDEFINESBYPROPERTIES('0j2ghPx6f28P2Z5DOcr82i',#6,$,$,(#1881),#1884);
#1886=IFCPROPERTYSINGLEVALUE('WeldType','WeldType',IFCLABEL('Groove'),$);
#1887=IFCPROPERTYSET('2QkbEaW213R8n2W4vtrvq3',#6,'Pset_WeldCommon',$,(#1886));
#1888=IFCRELDEFINESBYPROPERTIES('2aqLzNBwHAWgwvoetNMqPf',#6,$,$,(#1881),#1887);
#1889=IFCQUANTITYLENGTH('Length','Length',$,150.);
#1890=IFCQUANTITYLENGTH('Depth','Depth',$,9.4);
#1891=IFCELEMENTQUANTITY('0wa9bz_nnCc9ThScKywaPW',#6,'Qto_WeldBaseQuantities',$,'Custom',(#1889,#1890));
#1892=IFCRELDEFINESBYPROPERTIES('07R_n4wXf6H8cpX5IhLaD0',#6,$,$,(#1881),#1891);
#1893=IFCCARTESIANPOINT((0.,0.));
#1894=IFCDIRECTION((1.,0.));
#1895=IFCAXIS2PLACEMENT2D(#1893,#1894);
#1896=IFCRECTANGLEPROFILEDEF(.AREA.,$,#1895,9.4,17.4);
#1897=IFCCARTESIANPOINT((75.,-261.7,521.2));
#1898=IFCDIRECTION((-1.,0.,0.));
#1899=IFCDIRECTION((0.,-1.,0.));
#1900=IFCAXIS2PLACEMENT3D(#1897,#1898,#1899);
#1901=IFCDIRECTION((0.,0.,1.));
#1902=IFCEXTRUDEDAREASOLID(#1896,#1900,#1901,150.);
#1903=IFCSHAPEREPRESENTATION(#18,'Body','SweptSolid',(#1902));
#1904=IFCPRODUCTDEFINITIONSHAPE($,$,(#1903));
#1905=IFCFASTENER('2$$UKoI1n3Qxic7_N8L82j',#6,'Weld Joint',$,'WELD',$,#1904,$);
#1906=IFCPROPERTYSINGLEVALUE('DesignCode','DesignCode',IFCLABEL('IS 800:2007'),$);
#1907=IFCPROPERTYSINGLEVALUE('ExportTime','ExportTime',IFCLABEL('2026-04-13 14:37:48'),$);
#1908=IFCPROPERTYSET('22DdX0DDzFb9eayq8Vhzzd',#6,'Pset_OsdagDesignData',$,(#1906,#1907));
#1909=IFCRELDEFINESBYPROPERTIES('1L84_YdafBvA97ymEOyWwt',#6,$,$,(#1905),#1908);
#1910=IFCPROPERTYSINGLEVALUE('WeldType','WeldType',IFCLABEL('Groove'),$);
#1911=IFCPROPERTYSET('2M3B0FzfDBOw08Lc2ToaUH',#6,'Pset_WeldCommon',$,(#1910));
#1912=IFCRELDEFINESBYPROPERTIES('0XCTu9IMH3z9xg67VYhGF6',#6,$,$,(#1905),#1911);
#1913=IFCQUANTITYLENGTH('Length','Length',$,150.);
#1914=IFCQUANTITYLENGTH('Depth','Depth',$,9.4);
#1915=IFCELEMENTQUANTITY('1I_Tch$iH6nfcAjFM3qctg',#6,'Qto_WeldBaseQuantities',$,'Custom',(#1913,#1914));
#1916=IFCRELDEFINESBYPROPERTIES('2qp4xfgj1EafPtpPX5JpuG',#6,$,$,(#1905),#1915);
#1917=IFCCARTESIANPOINT((0.,0.));
#1918=IFCDIRECTION((1.,0.));
#1919=IFCAXIS2PLACEMENT2D(#1917,#1918);
#1920=IFCRECTANGLEPROFILEDEF(.AREA.,$,#1919,9.4,9.4);
#1921=IFCCARTESIANPOINT((0.,-261.7,529.9));
#1922=IFCDIRECTION((0.,0.,1.));
#1923=IFCDIRECTION((0.,-1.,0.));
#1924=IFCAXIS2PLACEMENT3D(#1921,#1922,#1923);
#1925=IFCDIRECTION((0.,0.,1.));
#1926=IFCEXTRUDEDAREASOLID(#1920,#1924,#1925,415.2);
#1927=IFCSHAPEREPRESENTATION(#18,'Body','SweptSolid',(#1926));
#1928=IFCPRODUCTDEFINITIONSHAPE($,$,(#1927));
#1929=IFCFASTENER('2oROy2monAGBjqylTGIGji',#6,'Weld Joint',$,'WELD',$,#1928,$);
#1930=IFCPROPERTYSINGLEVALUE('DesignCode','DesignCode',IFCLABEL('IS 800:2007'),$);
#1931=IFCPROPERTYSINGLEVALUE('ExportTime','ExportTime',IFCLABEL('2026-04-13 14:37:48'),$);
#1932=IFCPROPERTYSET('0s$IKIiZD1QxKIqcW7xMZx',#6,'Pset_OsdagDesignData',$,(#1930,#1931));
#1933=IFCRELDEFINESBYPROPERTIES('0LBBBEjY99KvZvvd5E4j$W',#6,$,$,(#1929),#1932);
#1934=IFCPROPERTYSINGLEVALUE('WeldType','WeldType',IFCLABEL('Groove'),$);
#1935=IFCPROPERTYSET('2umrZeVNX1BROaDKNBM15c',#6,'Pset_WeldCommon',$,(#1934));
#1936=IFCRELDEFINESBYPROPERTIES('1MYgMfqu52w8OPA8Bv0Twl',#6,$,$,(#1929),#1935);
#1937=IFCQUANTITYLENGTH('Length','Length',$,415.2);
#1938=IFCQUANTITYLENGTH('Depth','Depth',$,9.4);
#1939=IFCELEMENTQUANTITY('2dIGI$Vij6Pw11x85nYSuE',#6,'Qto_WeldBaseQuantities',$,'Custom',(#1937,#1938));
#1940=IFCRELDEFINESBYPROPERTIES('1X4NynVTTA7ecG8WpmrzHI',#6,$,$,(#1929),#1939);
#1941=IFCCARTESIANPOINT((0.,0.));
#1942=IFCCARTESIANPOINT((5.,0.));
#1943=IFCCARTESIANPOINT((0.,5.));
#1944=IFCCARTESIANPOINT((0.,0.));
#1945=IFCPOLYLINE((#1941,#1942,#1943,#1944));
#1946=IFCARBITRARYCLOSEDPROFILEDEF(.AREA.,$,#1945);
#1947=IFCCARTESIANPOINT((28.9,-211.3,944.8));
#1948=IFCDIRECTION((1.,0.,0.));
#1949=IFCDIRECTION((0.,0.,-1.));
#1950=IFCAXIS2PLACEMENT3D(#1947,#1948,#1949);
#1951=IFCDIRECTION((0.,0.,1.));
#1952=IFCEXTRUDEDAREASOLID(#1946,#1950,#1951,96.1);
#1953=IFCSHAPEREPRESENTATION(#18,'Body','SweptSolid',(#1952));
#1954=IFCPRODUCTDEFINITIONSHAPE($,$,(#1953));
#1955=IFCFASTENER('3Jp0b4nWL3GxhpSAb2UcVC',#6,'Weld Joint',$,'WELD',$,#1954,$);
#1956=IFCPROPERTYSINGLEVALUE('DesignCode','DesignCode',IFCLABEL('IS 800:2007'),$);
#1957=IFCPROPERTYSINGLEVALUE('ExportTime','ExportTime',IFCLABEL('2026-04-13 14:37:48'),$);
#1958=IFCPROPERTYSET('0c4hVbJC54tOCX6Wz6Kq_w',#6,'Pset_OsdagDesignData',$,(#1956,#1957));
#1959=IFCRELDEFINESBYPROPERTIES('0kc1hQpHrDvhdtyW3wzY5o',#6,$,$,(#1955),#1958);
#1960=IFCPROPERTYSINGLEVALUE('WeldType','WeldType',IFCLABEL('Fillet'),$);
#1961=IFCPROPERTYSET('2GbB$cDi10TQ1fijGzBl63',#6,'Pset_WeldCommon',$,(#1960));
#1962=IFCRELDEFINESBYPROPERTIES('1JKLZGqiL4BPgnAOmohnVR',#6,$,$,(#1955),#1961);
#1963=IFCQUANTITYLENGTH('Length','Length',$,96.1);
#1964=IFCQUANTITYLENGTH('Depth','Depth',$,5.);
#1965=IFCELEMENTQUANTITY('1iOpSM_lvDex6DhxG96p$t',#6,'Qto_WeldBaseQuantities',$,'Custom',(#1963,#1964));
#1966=IFCRELDEFINESBYPROPERTIES('1TAYxUCDX0BPn8Wu2b_Cza',#6,$,$,(#1955),#1965);
#1967=IFCCARTESIANPOINT((0.,0.));
#1968=IFCCARTESIANPOINT((5.,0.));
#1969=IFCCARTESIANPOINT((0.,5.));
#1970=IFCCARTESIANPOINT((0.,0.));
#1971=IFCPOLYLINE((#1967,#1968,#1969,#1970));
#1972=IFCARBITRARYCLOSEDPROFILEDEF(.AREA.,$,#1971);
#1973=IFCCARTESIANPOINT((4.9,-187.3,944.8));
#1974=IFCDIRECTION((0.,1.,0.));
#1975=IFCDIRECTION((1.,0.,0.));
#1976=IFCAXIS2PLACEMENT3D(#1973,#1974,#1975);
#1977=IFCDIRECTION((0.,0.,1.));
#1978=IFCEXTRUDEDAREASOLID(#1972,#1976,#1977,374.6);
#1979=IFCSHAPEREPRESENTATION(#18,'Body','SweptSolid',(#1978));
#1980=IFCPRODUCTDEFINITIONSHAPE($,$,(#1979));
#1981=IFCFASTENER('3vIn1dPpTF9QoHPR3QuXUi',#6,'Weld Joint',$,'WELD',$,#1980,$);
#1982=IFCPROPERTYSINGLEVALUE('DesignCode','DesignCode',IFCLABEL('IS 800:2007'),$);
#1983=IFCPROPERTYSINGLEVALUE('ExportTime','ExportTime',IFCLABEL('2026-04-13 14:37:48'),$);
#1984=IFCPROPERTYSET('1xNyuT1sPD3OfGJVm77krt',#6,'Pset_OsdagDesignData',$,(#1982,#1983));
#1985=IFCRELDEFINESBYPROPERTIES('33Njix$f94Nv1agzHCNLp8',#6,$,$,(#1981),#1984);
#1986=IFCPROPERTYSINGLEVALUE('WeldType','WeldType',IFCLABEL('Fillet'),$);
#1987=IFCPROPERTYSET('09c$CtlhT2NhhI3zwF87Xp',#6,'Pset_WeldCommon',$,(#1986));
#1988=IFCRELDEFINESBYPROPERTIES('1UMqlb1d92nQSRr9Iu_DOg',#6,$,$,(#1981),#1987);
#1989=IFCQUANTITYLENGTH('Length','Length',$,374.6);
#1990=IFCQUANTITYLENGTH('Depth','Depth',$,5.);
#1991=IFCELEMENTQUANTITY('0X81RXQ7L3bAZFsvz3VIb$',#6,'Qto_WeldBaseQuantities',$,'Custom',(#1989,#1990));
#1992=IFCRELDEFINESBYPROPERTIES('1myrzXvUX3ZB_Y4QUKMLaI',#6,$,$,(#1981),#1991);
#1993=IFCCARTESIANPOINT((0.,0.));
#1994=IFCCARTESIANPOINT((5.,0.));
#1995=IFCCARTESIANPOINT((0.,5.));
#1996=IFCCARTESIANPOINT((0.,0.));
#1997=IFCPOLYLINE((#1993,#1994,#1995,#1996));
#1998=IFCARBITRARYCLOSEDPROFILEDEF(.AREA.,$,#1997);
#1999=IFCCARTESIANPOINT((28.9,211.3,944.8));
#2000=IFCDIRECTION((1.,0.,0.));
#2001=IFCDIRECTION((0.,-1.,0.));
#2002=IFCAXIS2PLACEMENT3D(#1999,#2000,#2001);
#2003=IFCDIRECTION((0.,0.,1.));
#2004=IFCEXTRUDEDAREASOLID(#1998,#2002,#2003,96.1);
#2005=IFCSHAPEREPRESENTATION(#18,'Body','SweptSolid',(#2004));
#2006=IFCPRODUCTDEFINITIONSHAPE($,$,(#2005));
#2007=IFCFASTENER('3xdUzqgEn3_8csRpwcsQLf',#6,'Weld Joint',$,'WELD',$,#2006,$);
#2008=IFCPROPERTYSINGLEVALUE('DesignCode','DesignCode',IFCLABEL('IS 800:2007'),$);
#2009=IFCPROPERTYSINGLEVALUE('ExportTime','ExportTime',IFCLABEL('2026-04-13 14:37:48'),$);
#2010=IFCPROPERTYSET('3lmRs0bNzAjB5uz7H1P3wt',#6,'Pset_OsdagDesignData',$,(#2008,#2009));
#2011=IFCRELDEFINESBYPROPERTIES('0YnwpyWbnCPQHClDbh0rur',#6,$,$,(#2007),#2010);
#2012=IFCPROPERTYSINGLEVALUE('WeldType','WeldType',IFCLABEL('Fillet'),$);
#2013=IFCPROPERTYSET('0gM4QlNN1BpBDtZhtBmevP',#6,'Pset_WeldCommon',$,(#2012));
#2014=IFCRELDEFINESBYPROPERTIES('3_0WuZMJnEpw230j_VayOL',#6,$,$,(#2007),#2013);
#2015=IFCQUANTITYLENGTH('Length','Length',$,96.1);
#2016=IFCQUANTITYLENGTH('Depth','Depth',$,5.);
#2017=IFCELEMENTQUANTITY('2tXyvFjFXAlxMyWq0pXLCV',#6,'Qto_WeldBaseQuantities',$,'Custom',(#2015,#2016));
#2018=IFCRELDEFINESBYPROPERTIES('2Yy81HD6f8bvRhZQB1bli_',#6,$,$,(#2007),#2017);
#2019=IFCCARTESIANPOINT((0.,0.));
#2020=IFCCARTESIANPOINT((5.,0.));
#2021=IFCCARTESIANPOINT((0.,5.));
#2022=IFCCARTESIANPOINT((0.,0.));
#2023=IFCPOLYLINE((#2019,#2020,#2021,#2022));
#2024=IFCARBITRARYCLOSEDPROFILEDEF(.AREA.,$,#2023);
#2025=IFCCARTESIANPOINT((28.9,-211.3,962.8));
#2026=IFCDIRECTION((1.,0.,0.));
#2027=IFCDIRECTION((0.,1.,0.));
#2028=IFCAXIS2PLACEMENT3D(#2025,#2026,#2027);
#2029=IFCDIRECTION((0.,0.,1.));
#2030=IFCEXTRUDEDAREASOLID(#2024,#2028,#2029,96.1);
#2031=IFCSHAPEREPRESENTATION(#18,'Body','SweptSolid',(#2030));
#2032=IFCPRODUCTDEFINITIONSHAPE($,$,(#2031));
#2033=IFCFASTENER('0Yi7mmADvD4O$aFlNXhgHC',#6,'Weld Joint',$,'WELD',$,#2032,$);
#2034=IFCPROPERTYSINGLEVALUE('DesignCode','DesignCode',IFCLABEL('IS 800:2007'),$);
#2035=IFCPROPERTYSINGLEVALUE('ExportTime','ExportTime',IFCLABEL('2026-04-13 14:37:48'),$);
#2036=IFCPROPERTYSET('1a4xgzEQvC_xz2$fLr2dii',#6,'Pset_OsdagDesignData',$,(#2034,#2035));
#2037=IFCRELDEFINESBYPROPERTIES('2H388vU997DPCLZdUxT_Mq',#6,$,$,(#2033),#2036);
#2038=IFCPROPERTYSINGLEVALUE('WeldType','WeldType',IFCLABEL('Fillet'),$);
#2039=IFCPROPERTYSET('3tOZ66Rwr6RgfIu0HupqU9',#6,'Pset_WeldCommon',$,(#2038));
#2040=IFCRELDEFINESBYPROPERTIES('3om9DVARr6CxCaQPeOcncG',#6,$,$,(#2033),#2039);
#2041=IFCQUANTITYLENGTH('Length','Length',$,96.1);
#2042=IFCQUANTITYLENGTH('Depth','Depth',$,5.);
#2043=IFCELEMENTQUANTITY('1kW$hfWZf2WAiYN4Bdz2qI',#6,'Qto_WeldBaseQuantities',$,'Custom',(#2041,#2042));
#2044=IFCRELDEFINESBYPROPERTIES('3mYh$ahYr3h9eCD4bI19wH',#6,$,$,(#2033),#2043);
#2045=IFCCARTESIANPOINT((0.,0.));
#2046=IFCCARTESIANPOINT((5.,0.));
#2047=IFCCARTESIANPOINT((0.,5.));
#2048=IFCCARTESIANPOINT((0.,0.));
#2049=IFCPOLYLINE((#2045,#2046,#2047,#2048));
#2050=IFCARBITRARYCLOSEDPROFILEDEF(.AREA.,$,#2049);
#2051=IFCCARTESIANPOINT((4.9,-187.3,962.8));
#2052=IFCDIRECTION((0.,1.,0.));
#2053=IFCDIRECTION((0.,0.,1.));
#2054=IFCAXIS2PLACEMENT3D(#2051,#2052,#2053);
#2055=IFCDIRECTION((0.,0.,1.));
#2056=IFCEXTRUDEDAREASOLID(#2050,#2054,#2055,374.6);
#2057=IFCSHAPEREPRESENTATION(#18,'Body','SweptSolid',(#2056));
#2058=IFCPRODUCTDEFINITIONSHAPE($,$,(#2057));
#2059=IFCFASTENER('1be$0Yk3P11PifFe35hQFc',#6,'Weld Joint',$,'WELD',$,#2058,$);
#2060=IFCPROPERTYSINGLEVALUE('DesignCode','DesignCode',IFCLABEL('IS 800:2007'),$);
#2061=IFCPROPERTYSINGLEVALUE('ExportTime','ExportTime',IFCLABEL('2026-04-13 14:37:48'),$);
#2062=IFCPROPERTYSET('2MVuUzNIT3zgO$0Jn1ht3F',#6,'Pset_OsdagDesignData',$,(#2060,#2061));
#2063=IFCRELDEFINESBYPROPERTIES('14KwzQhqb2n84TYYuA2WsJ',#6,$,$,(#2059),#2062);
#2064=IFCPROPERTYSINGLEVALUE('WeldType','WeldType',IFCLABEL('Fillet'),$);
#2065=IFCPROPERTYSET('3m3jmOrTXCePRKRSkdzAS4',#6,'Pset_WeldCommon',$,(#2064));
#2066=IFCRELDEFINESBYPROPERTIES('0fypA9px9ESgydMqx7BGHR',#6,$,$,(#2059),#2065);
#2067=IFCQUANTITYLENGTH('Length','Length',$,374.6);
#2068=IFCQUANTITYLENGTH('Depth','Depth',$,5.);
#2069=IFCELEMENTQUANTITY('1abRSU_tXFg9B61WSSMfq2',#6,'Qto_WeldBaseQuantities',$,'Custom',(#2067,#2068));
#2070=IFCRELDEFINESBYPROPERTIES('0YblOEwu1FrhiZriUGuEOL',#6,$,$,(#2059),#2069);
#2071=IFCCARTESIANPOINT((0.,0.));
#2072=IFCCARTESIANPOINT((5.,0.));
#2073=IFCCARTESIANPOINT((0.,5.));
#2074=IFCCARTESIANPOINT((0.,0.));
#2075=IFCPOLYLINE((#2071,#2072,#2073,#2074));
#2076=IFCARBITRARYCLOSEDPROFILEDEF(.AREA.,$,#2075);
#2077=IFCCARTESIANPOINT((28.9,211.3,962.8));
#2078=IFCDIRECTION((1.,0.,0.));
#2079=IFCDIRECTION((0.,0.,1.));
#2080=IFCAXIS2PLACEMENT3D(#2077,#2078,#2079);
#2081=IFCDIRECTION((0.,0.,1.));
#2082=IFCEXTRUDEDAREASOLID(#2076,#2080,#2081,96.1);
#2083=IFCSHAPEREPRESENTATION(#18,'Body','SweptSolid',(#2082));
#2084=IFCPRODUCTDEFINITIONSHAPE($,$,(#2083));
#2085=IFCFASTENER('3UGmCcnuT5vPy31ToNlGnL',#6,'Weld Joint',$,'WELD',$,#2084,$);
#2086=IFCPROPERTYSINGLEVALUE('DesignCode','DesignCode',IFCLABEL('IS 800:2007'),$);
#2087=IFCPROPERTYSINGLEVALUE('ExportTime','ExportTime',IFCLABEL('2026-04-13 14:37:48'),$);
#2088=IFCPROPERTYSET('3t5Sc5ls56pQjDsOHd1UYA',#6,'Pset_OsdagDesignData',$,(#2086,#2087));
#2089=IFCRELDEFINESBYPROPERTIES('1w_1HsUen05x_TIH05fvZr',#6,$,$,(#2085),#2088);
#2090=IFCPROPERTYSINGLEVALUE('WeldType','WeldType',IFCLABEL('Fillet'),$);
#2091=IFCPROPERTYSET('1kMcuY8Bz6ZBxtG01U9U9p',#6,'Pset_WeldCommon',$,(#2090));
#2092=IFCRELDEFINESBYPROPERTIES('2rDAr5vVzAgwm6e38dE6Zy',#6,$,$,(#2085),#2091);
#2093=IFCQUANTITYLENGTH('Length','Length',$,96.1);
#2094=IFCQUANTITYLENGTH('Depth','Depth',$,5.);
#2095=IFCELEMENTQUANTITY('1$VrPsGaH0385EnCzKAJKU',#6,'Qto_WeldBaseQuantities',$,'Custom',(#2093,#2094));
#2096=IFCRELDEFINESBYPROPERTIES('3i5a5jQQ932OXzmB7RWruk',#6,$,$,(#2085),#2095);
#2097=IFCCARTESIANPOINT((0.,0.));
#2098=IFCCARTESIANPOINT((5.,0.));
#2099=IFCCARTESIANPOINT((0.,5.));
#2100=IFCCARTESIANPOINT((0.,0.));
#2101=IFCPOLYLINE((#2097,#2098,#2099,#2100));
#2102=IFCARBITRARYCLOSEDPROFILEDEF(.AREA.,$,#2101);
#2103=IFCCARTESIANPOINT((28.9,-211.3,512.2));
#2104=IFCDIRECTION((1.,0.,0.));
#2105=IFCDIRECTION((0.,0.,-1.));
#2106=IFCAXIS2PLACEMENT3D(#2103,#2104,#2105);
#2107=IFCDIRECTION((0.,0.,1.));
#2108=IFCEXTRUDEDAREASOLID(#2102,#2106,#2107,96.1);
#2109=IFCSHAPEREPRESENTATION(#18,'Body','SweptSolid',(#2108));
#2110=IFCPRODUCTDEFINITIONSHAPE($,$,(#2109));
#2111=IFCFASTENER('0JTk03nvPBwfizjC5Oh2Ej',#6,'Weld Joint',$,'WELD',$,#2110,$);
#2112=IFCPROPERTYSINGLEVALUE('DesignCode','DesignCode',IFCLABEL('IS 800:2007'),$);
#2113=IFCPROPERTYSINGLEVALUE('ExportTime','ExportTime',IFCLABEL('2026-04-13 14:37:48'),$);
#2114=IFCPROPERTYSET('3BPLZiBW90WAaLyZHbPqqN',#6,'Pset_OsdagDesignData',$,(#2112,#2113));
#2115=IFCRELDEFINESBYPROPERTIES('0RXiDTpEn7KRF94IhhUUcp',#6,$,$,(#2111),#2114);
#2116=IFCPROPERTYSINGLEVALUE('WeldType','WeldType',IFCLABEL('Fillet'),$);
#2117=IFCPROPERTYSET('0PDUAMuND4dAz2CZ9_E$74',#6,'Pset_WeldCommon',$,(#2116));
#2118=IFCRELDEFINESBYPROPERTIES('1x0n2tkAD5M8vnVvpjOXWT',#6,$,$,(#2111),#2117);
#2119=IFCQUANTITYLENGTH('Length','Length',$,96.1);
#2120=IFCQUANTITYLENGTH('Depth','Depth',$,5.);
#2121=IFCELEMENTQUANTITY('2IidkBg_vAaffn2oGlqGZd',#6,'Qto_WeldBaseQuantities',$,'Custom',(#2119,#2120));
#2122=IFCRELDEFINESBYPROPERTIES('2QDhIT6ID8GPPoepzWGhRi',#6,$,$,(#2111),#2121);
#2123=IFCCARTESIANPOINT((0.,0.));
#2124=IFCCARTESIANPOINT((5.,0.));
#2125=IFCCARTESIANPOINT((0.,5.));
#2126=IFCCARTESIANPOINT((0.,0.));
#2127=IFCPOLYLINE((#2123,#2124,#2125,#2126));
#2128=IFCARBITRARYCLOSEDPROFILEDEF(.AREA.,$,#2127);
#2129=IFCCARTESIANPOINT((4.9,-187.3,512.2));
#2130=IFCDIRECTION((0.,1.,0.));
#2131=IFCDIRECTION((1.,0.,0.));
#2132=IFCAXIS2PLACEMENT3D(#2129,#2130,#2131);
#2133=IFCDIRECTION((0.,0.,1.));
#2134=IFCEXTRUDEDAREASOLID(#2128,#2132,#2133,374.6);
#2135=IFCSHAPEREPRESENTATION(#18,'Body','SweptSolid',(#2134));
#2136=IFCPRODUCTDEFINITIONSHAPE($,$,(#2135));
#2137=IFCFASTENER('2rY$mF0K96aw07hxIrQHlV',#6,'Weld Joint',$,'WELD',$,#2136,$);
#2138=IFCPROPERTYSINGLEVALUE('DesignCode','DesignCode',IFCLABEL('IS 800:2007'),$);
#2139=IFCPROPERTYSINGLEVALUE('ExportTime','ExportTime',IFCLABEL('2026-04-13 14:37:48'),$);
#2140=IFCPROPERTYSET('197Zajhe5AoRdXO1tEIwN6',#6,'Pset_OsdagDesignData',$,(#2138,#2139));
#2141=IFCRELDEFINESBYPROPERTIES('3uAgCykSP8FAHkBxdes2oa',#6,$,$,(#2137),#2140);
#2142=IFCPROPERTYSINGLEVALUE('WeldType','WeldType',IFCLABEL('Fillet'),$);
#2143=IFCPROPERTYSET('32xGBQokbDgvc3ungaRdeu',#6,'Pset_WeldCommon',$,(#2142));
#2144=IFCRELDEFINESBYPROPERTIES('0hgUy88Z1AvvTPrFO9ynkR',#6,$,$,(#2137),#2143);
#2145=IFCQUANTITYLENGTH('Length','Length',$,374.6);
#2146=IFCQUANTITYLENGTH('Depth','Depth',$,5.);
#2147=IFCELEMENTQUANTITY('058$L$xOPDNx4vrDNlTALX',#6,'Qto_WeldBaseQuantities',$,'Custom',(#2145,#2146));
#2148=IFCRELDEFINESBYPROPERTIES('06toBZPZT7QvEnVx3xAcpd',#6,$,$,(#2137),#2147);
#2149=IFCCARTESIANPOINT((0.,0.));
#2150=IFCCARTESIANPOINT((5.,0.));
#2151=IFCCARTESIANPOINT((0.,5.));
#2152=IFCCARTESIANPOINT((0.,0.));
#2153=IFCPOLYLINE((#2149,#2150,#2151,#2152));
#2154=IFCARBITRARYCLOSEDPROFILEDEF(.AREA.,$,#2153);
#2155=IFCCARTESIANPOINT((28.9,211.3,512.2));
#2156=IFCDIRECTION((1.,0.,0.));
#2157=IFCDIRECTION((0.,-1.,0.));
#2158=IFCAXIS2PLACEMENT3D(#2155,#2156,#2157);
#2159=IFCDIRECTION((0.,0.,1.));
#2160=IFCEXTRUDEDAREASOLID(#2154,#2158,#2159,96.1);
#2161=IFCSHAPEREPRESENTATION(#18,'Body','SweptSolid',(#2160));
#2162=IFCPRODUCTDEFINITIONSHAPE($,$,(#2161));
#2163=IFCFASTENER('3uLARjphjC28YEMfdfjpxG',#6,'Weld Joint',$,'WELD',$,#2162,$);
#2164=IFCPROPERTYSINGLEVALUE('DesignCode','DesignCode',IFCLABEL('IS 800:2007'),$);
#2165=IFCPROPERTYSINGLEVALUE('ExportTime','ExportTime',IFCLABEL('2026-04-13 14:37:48'),$);
#2166=IFCPROPERTYSET('1la4YnvIDBkR9sq2ygu_Hl',#6,'Pset_OsdagDesignData',$,(#2164,#2165));
#2167=IFCRELDEFINESBYPROPERTIES('2i6h3Q_Yr529tq_mxksyoJ',#6,$,$,(#2163),#2166);
#2168=IFCPROPERTYSINGLEVALUE('WeldType','WeldType',IFCLABEL('Fillet'),$);
#2169=IFCPROPERTYSET('0ro_oODZn1Sx6Y62nXdpeW',#6,'Pset_WeldCommon',$,(#2168));
#2170=IFCRELDEFINESBYPROPERTIES('33ZxjH4Qj9yQy1O7eb1NNq',#6,$,$,(#2163),#2169);
#2171=IFCQUANTITYLENGTH('Length','Length',$,96.1);
#2172=IFCQUANTITYLENGTH('Depth','Depth',$,5.);
#2173=IFCELEMENTQUANTITY('3KP6biETT0OP3h6nFqPTzg',#6,'Qto_WeldBaseQuantities',$,'Custom',(#2171,#2172));
#2174=IFCRELDEFINESBYPROPERTIES('3emdr1gs52EvCA6_$cH3En',#6,$,$,(#2163),#2173);
#2175=IFCCARTESIANPOINT((0.,0.));
#2176=IFCCARTESIANPOINT((5.,0.));
#2177=IFCCARTESIANPOINT((0.,5.));
#2178=IFCCARTESIANPOINT((0.,0.));
#2179=IFCPOLYLINE((#2175,#2176,#2177,#2178));
#2180=IFCARBITRARYCLOSEDPROFILEDEF(.AREA.,$,#2179);
#2181=IFCCARTESIANPOINT((28.9,-211.3,530.2));
#2182=IFCDIRECTION((1.,0.,0.));
#2183=IFCDIRECTION((0.,1.,0.));
#2184=IFCAXIS2PLACEMENT3D(#2181,#2182,#2183);
#2185=IFCDIRECTION((0.,0.,1.));
#2186=IFCEXTRUDEDAREASOLID(#2180,#2184,#2185,96.1);
#2187=IFCSHAPEREPRESENTATION(#18,'Body','SweptSolid',(#2186));
#2188=IFCPRODUCTDEFINITIONSHAPE($,$,(#2187));
#2189=IFCFASTENER('03pKhdNrXEkwZ4$266Bvdy',#6,'Weld Joint',$,'WELD',$,#2188,$);
#2190=IFCPROPERTYSINGLEVALUE('DesignCode','DesignCode',IFCLABEL('IS 800:2007'),$);
#2191=IFCPROPERTYSINGLEVALUE('ExportTime','ExportTime',IFCLABEL('2026-04-13 14:37:48'),$);
#2192=IFCPROPERTYSET('1GGKN1ijP638gomZsqj5nV',#6,'Pset_OsdagDesignData',$,(#2190,#2191));
#2193=IFCRELDEFINESBYPROPERTIES('1H_Xcv5TLA8gN98MJOAylk',#6,$,$,(#2189),#2192);
#2194=IFCPROPERTYSINGLEVALUE('WeldType','WeldType',IFCLABEL('Fillet'),$);
#2195=IFCPROPERTYSET('0_FvG29nf35uJFFhrQcEIj',#6,'Pset_WeldCommon',$,(#2194));
#2196=IFCRELDEFINESBYPROPERTIES('3mPe1CbOPAYwz96VIkCUtl',#6,$,$,(#2189),#2195);
#2197=IFCQUANTITYLENGTH('Length','Length',$,96.1);
#2198=IFCQUANTITYLENGTH('Depth','Depth',$,5.);
#2199=IFCELEMENTQUANTITY('0HkvsxiIv0dvlgy_tla_Jk',#6,'Qto_WeldBaseQuantities',$,'Custom',(#2197,#2198));
#2200=IFCRELDEFINESBYPROPERTIES('06DNAxnffD3vTKGxLwWelC',#6,$,$,(#2189),#2199);
#2201=IFCCARTESIANPOINT((0.,0.));
#2202=IFCCARTESIANPOINT((5.,0.));
#2203=IFCCARTESIANPOINT((0.,5.));
#2204=IFCCARTESIANPOINT((0.,0.));
#2205=IFCPOLYLINE((#2201,#2202,#2203,#2204));
#2206=IFCARBITRARYCLOSEDPROFILEDEF(.AREA.,$,#2205);
#2207=IFCCARTESIANPOINT((4.9,-187.3,530.2));
#2208=IFCDIRECTION((0.,1.,0.));
#2209=IFCDIRECTION((0.,0.,1.));
#2210=IFCAXIS2PLACEMENT3D(#2207,#2208,#2209);
#2211=IFCDIRECTION((0.,0.,1.));
#2212=IFCEXTRUDEDAREASOLID(#2206,#2210,#2211,374.6);
#2213=IFCSHAPEREPRESENTATION(#18,'Body','SweptSolid',(#2212));
#2214=IFCPRODUCTDEFINITIONSHAPE($,$,(#2213));
#2215=IFCFASTENER('3EY0iB8bT0neLcpKK8gxXY',#6,'Weld Joint',$,'WELD',$,#2214,$);
#2216=IFCPROPERTYSINGLEVALUE('DesignCode','DesignCode',IFCLABEL('IS 800:2007'),$);
#2217=IFCPROPERTYSINGLEVALUE('ExportTime','ExportTime',IFCLABEL('2026-04-13 14:37:48'),$);
#2218=IFCPROPERTYSET('2mGO630hDEQuuwzwIkQHcU',#6,'Pset_OsdagDesignData',$,(#2216,#2217));
#2219=IFCRELDEFINESBYPROPERTIES('0oTk5jOUf2GAKr_rWWkLiJ',#6,$,$,(#2215),#2218);
#2220=IFCPROPERTYSINGLEVALUE('WeldType','WeldType',IFCLABEL('Fillet'),$);
#2221=IFCPROPERTYSET('1W4EsTyPv5Oe1itfcgZMjX',#6,'Pset_WeldCommon',$,(#2220));
#2222=IFCRELDEFINESBYPROPERTIES('2M8ffkNUX8GBr1mqQBq57G',#6,$,$,(#2215),#2221);
#2223=IFCQUANTITYLENGTH('Length','Length',$,374.6);
#2224=IFCQUANTITYLENGTH('Depth','Depth',$,5.);
#2225=IFCELEMENTQUANTITY('0_UVn6Bfj88xACM1ejxYRA',#6,'Qto_WeldBaseQuantities',$,'Custom',(#2223,#2224));
#2226=IFCRELDEFINESBYPROPERTIES('3ynX18PkPD5xUrY1t6JlS7',#6,$,$,(#2215),#2225);
#2227=IFCCARTESIANPOINT((0.,0.));
#2228=IFCCARTESIANPOINT((5.,0.));
#2229=IFCCARTESIANPOINT((0.,5.));
#2230=IFCCARTESIANPOINT((0.,0.));
#2231=IFCPOLYLINE((#2227,#2228,#2229,#2230));
#2232=IFCARBITRARYCLOSEDPROFILEDEF(.AREA.,$,#2231);
#2233=IFCCARTESIANPOINT((28.9,211.3,530.2));
#2234=IFCDIRECTION((1.,0.,0.));
#2235=IFCDIRECTION((0.,0.,1.));
#2236=IFCAXIS2PLACEMENT3D(#2233,#2234,#2235);
#2237=IFCDIRECTION((0.,0.,1.));
#2238=IFCEXTRUDEDAREASOLID(#2232,#2236,#2237,96.1);
#2239=IFCSHAPEREPRESENTATION(#18,'Body','SweptSolid',(#2238));
#2240=IFCPRODUCTDEFINITIONSHAPE($,$,(#2239));
#2241=IFCFASTENER('2QO06QqlP5luQnhbmFpU7Z',#6,'Weld Joint',$,'WELD',$,#2240,$);
#2242=IFCPROPERTYSINGLEVALUE('DesignCode','DesignCode',IFCLABEL('IS 800:2007'),$);
#2243=IFCPROPERTYSINGLEVALUE('ExportTime','ExportTime',IFCLABEL('2026-04-13 14:37:48'),$);
#2244=IFCPROPERTYSET('2DmZSguJ5FSxJdWTdT91ZP',#6,'Pset_OsdagDesignData',$,(#2242,#2243));
#2245=IFCRELDEFINESBYPROPERTIES('3PB1$ejKL0pASqJppw6Prz',#6,$,$,(#2241),#2244);
#2246=IFCPROPERTYSINGLEVALUE('WeldType','WeldType',IFCLABEL('Fillet'),$);
#2247=IFCPROPERTYSET('2AnLVIFlDB0QnRi5vLEVEI',#6,'Pset_WeldCommon',$,(#2246));
#2248=IFCRELDEFINESBYPROPERTIES('153gzQFlj48emyMOmcnSoi',#6,$,$,(#2241),#2247);
#2249=IFCQUANTITYLENGTH('Length','Length',$,96.1);
#2250=IFCQUANTITYLENGTH('Depth','Depth',$,5.);
#2251=IFCELEMENTQUANTITY('3vtIuZSEnBKRCk1xhqR0dR',#6,'Qto_WeldBaseQuantities',$,'Custom',(#2249,#2250));
#2252=IFCRELDEFINESBYPROPERTIES('3T2NGttnnD8hKU8_WWH2QI',#6,$,$,(#2241),#2251);
#2253=IFCCARTESIANPOINT((0.,0.));
#2254=IFCCARTESIANPOINT((5.,0.));
#2255=IFCCARTESIANPOINT((0.,5.));
#2256=IFCCARTESIANPOINT((0.,0.));
#2257=IFCPOLYLINE((#2253,#2254,#2255,#2256));
#2258=IFCARBITRARYCLOSEDPROFILEDEF(.AREA.,$,#2257);
#2259=IFCCARTESIANPOINT((-125.,-211.3,944.8));
#2260=IFCDIRECTION((1.,0.,0.));
#2261=IFCDIRECTION((0.,0.,-1.));
#2262=IFCAXIS2PLACEMENT3D(#2259,#2260,#2261);
#2263=IFCDIRECTION((0.,0.,1.));
#2264=IFCEXTRUDEDAREASOLID(#2258,#2262,#2263,96.1);
#2265=IFCSHAPEREPRESENTATION(#18,'Body','SweptSolid',(#2264));
#2266=IFCPRODUCTDEFINITIONSHAPE($,$,(#2265));
#2267=IFCFASTENER('3dOEfDS1z2zwn28whconzL',#6,'Weld Joint',$,'WELD',$,#2266,$);
#2268=IFCPROPERTYSINGLEVALUE('DesignCode','DesignCode',IFCLABEL('IS 800:2007'),$);
#2269=IFCPROPERTYSINGLEVALUE('ExportTime','ExportTime',IFCLABEL('2026-04-13 14:37:48'),$);
#2270=IFCPROPERTYSET('34PPwowNL7JwclzpSJi6vD',#6,'Pset_OsdagDesignData',$,(#2268,#2269));
#2271=IFCRELDEFINESBYPROPERTIES('2N$DB439vBhwF3PDTHT014',#6,$,$,(#2267),#2270);
#2272=IFCPROPERTYSINGLEVALUE('WeldType','WeldType',IFCLABEL('Fillet'),$);
#2273=IFCPROPERTYSET('2n4BQE52HAD9Fwh2q1pF17',#6,'Pset_WeldCommon',$,(#2272));
#2274=IFCRELDEFINESBYPROPERTIES('3$xO5SWiP6huIImxvnK$3D',#6,$,$,(#2267),#2273);
#2275=IFCQUANTITYLENGTH('Length','Length',$,96.1);
#2276=IFCQUANTITYLENGTH('Depth','Depth',$,5.);
#2277=IFCELEMENTQUANTITY('1TzpUxktzC8hyqPGCRptQC',#6,'Qto_WeldBaseQuantities',$,'Custom',(#2275,#2276));
#2278=IFCRELDEFINESBYPROPERTIES('1Z9Tqwdv96uPq0b3ny2mb5',#6,$,$,(#2267),#2277);
#2279=IFCCARTESIANPOINT((0.,0.));
#2280=IFCCARTESIANPOINT((5.,0.));
#2281=IFCCARTESIANPOINT((0.,5.));
#2282=IFCCARTESIANPOINT((0.,0.));
#2283=IFCPOLYLINE((#2279,#2280,#2281,#2282));
#2284=IFCARBITRARYCLOSEDPROFILEDEF(.AREA.,$,#2283);
#2285=IFCCARTESIANPOINT((-4.9,-187.3,944.8));
#2286=IFCDIRECTION((0.,1.,0.));
#2287=IFCDIRECTION((0.,0.,-1.));
#2288=IFCAXIS2PLACEMENT3D(#2285,#2286,#2287);
#2289=IFCDIRECTION((0.,0.,1.));
#2290=IFCEXTRUDEDAREASOLID(#2284,#2288,#2289,374.6);
#2291=IFCSHAPEREPRESENTATION(#18,'Body','SweptSolid',(#2290));
#2292=IFCPRODUCTDEFINITIONSHAPE($,$,(#2291));
#2293=IFCFASTENER('0MbHRQYUT6uPgsEa66TDsL',#6,'Weld Joint',$,'WELD',$,#2292,$);
#2294=IFCPROPERTYSINGLEVALUE('DesignCode','DesignCode',IFCLABEL('IS 800:2007'),$);
#2295=IFCPROPERTYSINGLEVALUE('ExportTime','ExportTime',IFCLABEL('2026-04-13 14:37:48'),$);
#2296=IFCPROPERTYSET('23lekzs7L7oQNy4Vx2H7v3',#6,'Pset_OsdagDesignData',$,(#2294,#2295));
#2297=IFCRELDEFINESBYPROPERTIES('1e6qiZnOT9WQgiRX_JpjYS',#6,$,$,(#2293),#2296);
#2298=IFCPROPERTYSINGLEVALUE('WeldType','WeldType',IFCLABEL('Fillet'),$);
#2299=IFCPROPERTYSET('2WIyt2_NfASgzNzxUw9Wtg',#6,'Pset_WeldCommon',$,(#2298));
#2300=IFCRELDEFINESBYPROPERTIES('0MdngZWY1E7vjzzmhjC9dr',#6,$,$,(#2293),#2299);
#2301=IFCQUANTITYLENGTH('Length','Length',$,374.6);
#2302=IFCQUANTITYLENGTH('Depth','Depth',$,5.);
#2303=IFCELEMENTQUANTITY('2GBMeUofTD_OBh1pizZL$s',#6,'Qto_WeldBaseQuantities',$,'Custom',(#2301,#2302));
#2304=IFCRELDEFINESBYPROPERTIES('185avn$6D8rBgEHaupSWZZ',#6,$,$,(#2293),#2303);
#2305=IFCCARTESIANPOINT((0.,0.));
#2306=IFCCARTESIANPOINT((5.,0.));
#2307=IFCCARTESIANPOINT((0.,5.));
#2308=IFCCARTESIANPOINT((0.,0.));
#2309=IFCPOLYLINE((#2305,#2306,#2307,#2308));
#2310=IFCARBITRARYCLOSEDPROFILEDEF(.AREA.,$,#2309);
#2311=IFCCARTESIANPOINT((-125.,211.3,944.8));
#2312=IFCDIRECTION((1.,0.,0.));
#2313=IFCDIRECTION((0.,-1.,0.));
#2314=IFCAXIS2PLACEMENT3D(#2311,#2312,#2313);
#2315=IFCDIRECTION((0.,0.,1.));
#2316=IFCEXTRUDEDAREASOLID(#2310,#2314,#2315,96.1);
#2317=IFCSHAPEREPRESENTATION(#18,'Body','SweptSolid',(#2316));
#2318=IFCPRODUCTDEFINITIONSHAPE($,$,(#2317));
#2319=IFCFASTENER('1SXOahqhXDgxO8ysRjohJT',#6,'Weld Joint',$,'WELD',$,#2318,$);
#2320=IFCPROPERTYSINGLEVALUE('DesignCode','DesignCode',IFCLABEL('IS 800:2007'),$);
#2321=IFCPROPERTYSINGLEVALUE('ExportTime','ExportTime',IFCLABEL('2026-04-13 14:37:48'),$);
#2322=IFCPROPERTYSET('1AY9BWqAjC_wdJd8qtbzR0',#6,'Pset_OsdagDesignData',$,(#2320,#2321));
#2323=IFCRELDEFINESBYPROPERTIES('38WOt4dg5AFfGdNVIwewRw',#6,$,$,(#2319),#2322);
#2324=IFCPROPERTYSINGLEVALUE('WeldType','WeldType',IFCLABEL('Fillet'),$);
#2325=IFCPROPERTYSET('3DkMvhykjEHfOiqRzzX3O1',#6,'Pset_WeldCommon',$,(#2324));
#2326=IFCRELDEFINESBYPROPERTIES('0jinuJbuT6JvBpF_cD4SW5',#6,$,$,(#2319),#2325);
#2327=IFCQUANTITYLENGTH('Length','Length',$,96.1);
#2328=IFCQUANTITYLENGTH('Depth','Depth',$,5.);
#2329=IFCELEMENTQUANTITY('09cXzgM$n5Ox0P6TaAa5YS',#6,'Qto_WeldBaseQuantities',$,'Custom',(#2327,#2328));
#2330=IFCRELDEFINESBYPROPERTIES('38x6grnwfEGvhOhnrmii2I',#6,$,$,(#2319),#2329);
#2331=IFCCARTESIANPOINT((0.,0.));
#2332=IFCCARTESIANPOINT((5.,0.));
#2333=IFCCARTESIANPOINT((0.,5.));
#2334=IFCCARTESIANPOINT((0.,0.));
#2335=IFCPOLYLINE((#2331,#2332,#2333,#2334));
#2336=IFCARBITRARYCLOSEDPROFILEDEF(.AREA.,$,#2335);
#2337=IFCCARTESIANPOINT((-125.,-211.3,962.8));
#2338=IFCDIRECTION((1.,0.,0.));
#2339=IFCDIRECTION((0.,1.,0.));
#2340=IFCAXIS2PLACEMENT3D(#2337,#2338,#2339);
#2341=IFCDIRECTION((0.,0.,1.));
#2342=IFCEXTRUDEDAREASOLID(#2336,#2340,#2341,96.1);
#2343=IFCSHAPEREPRESENTATION(#18,'Body','SweptSolid',(#2342));
#2344=IFCPRODUCTDEFINITIONSHAPE($,$,(#2343));
#2345=IFCFASTENER('08AanvNlzD1OO191armyGE',#6,'Weld Joint',$,'WELD',$,#2344,$);
#2346=IFCPROPERTYSINGLEVALUE('DesignCode','DesignCode',IFCLABEL('IS 800:2007'),$);
#2347=IFCPROPERTYSINGLEVALUE('ExportTime','ExportTime',IFCLABEL('2026-04-13 14:37:48'),$);
#2348=IFCPROPERTYSET('3uKtH42HP8qfNjcjx2iaLq',#6,'Pset_OsdagDesignData',$,(#2346,#2347));
#2349=IFCRELDEFINESBYPROPERTIES('03eAAYrDf108lZqaf1_N5C',#6,$,$,(#2345),#2348);
#2350=IFCPROPERTYSINGLEVALUE('WeldType','WeldType',IFCLABEL('Fillet'),$);
#2351=IFCPROPERTYSET('17kSzK9RLEXPJLK$EN3M3w',#6,'Pset_WeldCommon',$,(#2350));
#2352=IFCRELDEFINESBYPROPERTIES('3dzwWqAlj7Ew6pcuoNtXbq',#6,$,$,(#2345),#2351);
#2353=IFCQUANTITYLENGTH('Length','Length',$,96.1);
#2354=IFCQUANTITYLENGTH('Depth','Depth',$,5.);
#2355=IFCELEMENTQUANTITY('01$B$$1cD52u5saoPQvq4F',#6,'Qto_WeldBaseQuantities',$,'Custom',(#2353,#2354));
#2356=IFCRELDEFINESBYPROPERTIES('0MibYLRMXEawMI73_nz4$3',#6,$,$,(#2345),#2355);
#2357=IFCCARTESIANPOINT((0.,0.));
#2358=IFCCARTESIANPOINT((5.,0.));
#2359=IFCCARTESIANPOINT((0.,5.));
#2360=IFCCARTESIANPOINT((0.,0.));
#2361=IFCPOLYLINE((#2357,#2358,#2359,#2360));
#2362=IFCARBITRARYCLOSEDPROFILEDEF(.AREA.,$,#2361);
#2363=IFCCARTESIANPOINT((-4.9,-187.3,962.8));
#2364=IFCDIRECTION((0.,1.,0.));
#2365=IFCDIRECTION((-1.,0.,0.));
#2366=IFCAXIS2PLACEMENT3D(#2363,#2364,#2365);
#2367=IFCDIRECTION((0.,0.,1.));
#2368=IFCEXTRUDEDAREASOLID(#2362,#2366,#2367,374.6);
#2369=IFCSHAPEREPRESENTATION(#18,'Body','SweptSolid',(#2368));
#2370=IFCPRODUCTDEFINITIONSHAPE($,$,(#2369));
#2371=IFCFASTENER('0aJw2W4LTCWOhrPGSpUO6B',#6,'Weld Joint',$,'WELD',$,#2370,$);
#2372=IFCPROPERTYSINGLEVALUE('DesignCode','DesignCode',IFCLABEL('IS 800:2007'),$);
#2373=IFCPROPERTYSINGLEVALUE('ExportTime','ExportTime',IFCLABEL('2026-04-13 14:37:48'),$);
#2374=IFCPROPERTYSET('18l31DflP22uanvVDTJwJ5',#6,'Pset_OsdagDesignData',$,(#2372,#2373));
#2375=IFCRELDEFINESBYPROPERTIES('3QfQHJ4yf8Fh1AhEnuhOlv',#6,$,$,(#2371),#2374);
#2376=IFCPROPERTYSINGLEVALUE('WeldType','WeldType',IFCLABEL('Fillet'),$);
#2377=IFCPROPERTYSET('0iE6IFX0X7buWLKOEmy_pw',#6,'Pset_WeldCommon',$,(#2376));
#2378=IFCRELDEFINESBYPROPERTIES('2PTxxDcOP4TA7$i2fDfiMF',#6,$,$,(#2371),#2377);
#2379=IFCQUANTITYLENGTH('Length','Length',$,374.6);
#2380=IFCQUANTITYLENGTH('Depth','Depth',$,5.);
#2381=IFCELEMENTQUANTITY('2pC0GEzoTFjffUaz1WO8qE',#6,'Qto_WeldBaseQuantities',$,'Custom',(#2379,#2380));
#2382=IFCRELDEFINESBYPROPERTIES('2en2HTO2XCnwhM9FTFFL3F',#6,$,$,(#2371),#2381);
#2383=IFCCARTESIANPOINT((0.,0.));
#2384=IFCCARTESIANPOINT((5.,0.));
#2385=IFCCARTESIANPOINT((0.,5.));
#2386=IFCCARTESIANPOINT((0.,0.));
#2387=IFCPOLYLINE((#2383,#2384,#2385,#2386));
#2388=IFCARBITRARYCLOSEDPROFILEDEF(.AREA.,$,#2387);
#2389=IFCCARTESIANPOINT((-125.,211.3,962.8));
#2390=IFCDIRECTION((1.,0.,0.));
#2391=IFCDIRECTION((0.,0.,1.));
#2392=IFCAXIS2PLACEMENT3D(#2389,#2390,#2391);
#2393=IFCDIRECTION((0.,0.,1.));
#2394=IFCEXTRUDEDAREASOLID(#2388,#2392,#2393,96.1);
#2395=IFCSHAPEREPRESENTATION(#18,'Body','SweptSolid',(#2394));
#2396=IFCPRODUCTDEFINITIONSHAPE($,$,(#2395));
#2397=IFCFASTENER('2RBYAAEgP0CwY69YTa7qNZ',#6,'Weld Joint',$,'WELD',$,#2396,$);
#2398=IFCPROPERTYSINGLEVALUE('DesignCode','DesignCode',IFCLABEL('IS 800:2007'),$);
#2399=IFCPROPERTYSINGLEVALUE('ExportTime','ExportTime',IFCLABEL('2026-04-13 14:37:48'),$);
#2400=IFCPROPERTYSET('1hD$UH$oj4eRRVQBeKR$35',#6,'Pset_OsdagDesignData',$,(#2398,#2399));
#2401=IFCRELDEFINESBYPROPERTIES('306TbXIdXAIhzxukOY4smk',#6,$,$,(#2397),#2400);
#2402=IFCPROPERTYSINGLEVALUE('WeldType','WeldType',IFCLABEL('Fillet'),$);
#2403=IFCPROPERTYSET('1QW3QCFjD7JAw9lgRUx$hu',#6,'Pset_WeldCommon',$,(#2402));
#2404=IFCRELDEFINESBYPROPERTIES('1Y5zcQ9B99U80zyFHr_s3n',#6,$,$,(#2397),#2403);
#2405=IFCQUANTITYLENGTH('Length','Length',$,96.1);
#2406=IFCQUANTITYLENGTH('Depth','Depth',$,5.);
#2407=IFCELEMENTQUANTITY('3NlTr5igj2kRXeseg4bK$3',#6,'Qto_WeldBaseQuantities',$,'Custom',(#2405,#2406));
#2408=IFCRELDEFINESBYPROPERTIES('1I8pHSch9CWehKesZ5EJ$o',#6,$,$,(#2397),#2407);
#2409=IFCCARTESIANPOINT((0.,0.));
#2410=IFCCARTESIANPOINT((5.,0.));
#2411=IFCCARTESIANPOINT((0.,5.));
#2412=IFCCARTESIANPOINT((0.,0.));
#2413=IFCPOLYLINE((#2409,#2410,#2411,#2412));
#2414=IFCARBITRARYCLOSEDPROFILEDEF(.AREA.,$,#2413);
#2415=IFCCARTESIANPOINT((-125.,-211.3,512.2));
#2416=IFCDIRECTION((1.,0.,0.));
#2417=IFCDIRECTION((0.,0.,-1.));
#2418=IFCAXIS2PLACEMENT3D(#2415,#2416,#2417);
#2419=IFCDIRECTION((0.,0.,1.));
#2420=IFCEXTRUDEDAREASOLID(#2414,#2418,#2419,96.1);
#2421=IFCSHAPEREPRESENTATION(#18,'Body','SweptSolid',(#2420));
#2422=IFCPRODUCTDEFINITIONSHAPE($,$,(#2421));
#2423=IFCFASTENER('1JR1yWLj12sfhtZUX02fd_',#6,'Weld Joint',$,'WELD',$,#2422,$);
#2424=IFCPROPERTYSINGLEVALUE('DesignCode','DesignCode',IFCLABEL('IS 800:2007'),$);
#2425=IFCPROPERTYSINGLEVALUE('ExportTime','ExportTime',IFCLABEL('2026-04-13 14:37:48'),$);
#2426=IFCPROPERTYSET('0W32gEwD57JukictQ3KuGX',#6,'Pset_OsdagDesignData',$,(#2424,#2425));
#2427=IFCRELDEFINESBYPROPERTIES('1AtlcrMlT5ShLlTYQRlhiq',#6,$,$,(#2423),#2426);
#2428=IFCPROPERTYSINGLEVALUE('WeldType','WeldType',IFCLABEL('Fillet'),$);
#2429=IFCPROPERTYSET('1snT6rwAbEBO9tFJVUduRX',#6,'Pset_WeldCommon',$,(#2428));
#2430=IFCRELDEFINESBYPROPERTIES('0ozViYbo58NQJpS99Qxb8W',#6,$,$,(#2423),#2429);
#2431=IFCQUANTITYLENGTH('Length','Length',$,96.1);
#2432=IFCQUANTITYLENGTH('Depth','Depth',$,5.);
#2433=IFCELEMENTQUANTITY('235O50sy9C4udnPvL3e4Xz',#6,'Qto_WeldBaseQuantities',$,'Custom',(#2431,#2432));
#2434=IFCRELDEFINESBYPROPERTIES('1vPzmlujf5auTEYpo_EGhJ',#6,$,$,(#2423),#2433);
#2435=IFCCARTESIANPOINT((0.,0.));
#2436=IFCCARTESIANPOINT((5.,0.));
#2437=IFCCARTESIANPOINT((0.,5.));
#2438=IFCCARTESIANPOINT((0.,0.));
#2439=IFCPOLYLINE((#2435,#2436,#2437,#2438));
#2440=IFCARBITRARYCLOSEDPROFILEDEF(.AREA.,$,#2439);
#2441=IFCCARTESIANPOINT((-4.9,-187.3,512.2));
#2442=IFCDIRECTION((0.,1.,0.));
#2443=IFCDIRECTION((0.,0.,-1.));
#2444=IFCAXIS2PLACEMENT3D(#2441,#2442,#2443);
#2445=IFCDIRECTION((0.,0.,1.));
#2446=IFCEXTRUDEDAREASOLID(#2440,#2444,#2445,374.6);
#2447=IFCSHAPEREPRESENTATION(#18,'Body','SweptSolid',(#2446));
#2448=IFCPRODUCTDEFINITIONSHAPE($,$,(#2447));
#2449=IFCFASTENER('0j3CCCcarFFvuNK909szv3',#6,'Weld Joint',$,'WELD',$,#2448,$);
#2450=IFCPROPERTYSINGLEVALUE('DesignCode','DesignCode',IFCLABEL('IS 800:2007'),$);
#2451=IFCPROPERTYSINGLEVALUE('ExportTime','ExportTime',IFCLABEL('2026-04-13 14:37:48'),$);
#2452=IFCPROPERTYSET('1jy2985qPDbxlKeSVi1diw',#6,'Pset_OsdagDesignData',$,(#2450,#2451));
#2453=IFCRELDEFINESBYPROPERTIES('1fF74hjY9DmvaP0Lcvev4h',#6,$,$,(#2449),#2452);
#2454=IFCPROPERTYSINGLEVALUE('WeldType','WeldType',IFCLABEL('Fillet'),$);
#2455=IFCPROPERTYSET('0r8Ltf7SH9ERisKwC9MRe9',#6,'Pset_WeldCommon',$,(#2454));
#2456=IFCRELDEFINESBYPROPERTIES('29y7qbeX1Ecw_xDEY9RIDH',#6,$,$,(#2449),#2455);
#2457=IFCQUANTITYLENGTH('Length','Length',$,374.6);
#2458=IFCQUANTITYLENGTH('Depth','Depth',$,5.);
#2459=IFCELEMENTQUANTITY('2LU8ob5I19aeI0uWIsKLwQ',#6,'Qto_WeldBaseQuantities',$,'Custom',(#2457,#2458));
#2460=IFCRELDEFINESBYPROPERTIES('0B85jnl3X9T9t0OEtEFvU7',#6,$,$,(#2449),#2459);
#2461=IFCCARTESIANPOINT((0.,0.));
#2462=IFCCARTESIANPOINT((5.,0.));
#2463=IFCCARTESIANPOINT((0.,5.));
#2464=IFCCARTESIANPOINT((0.,0.));
#2465=IFCPOLYLINE((#2461,#2462,#2463,#2464));
#2466=IFCARBITRARYCLOSEDPROFILEDEF(.AREA.,$,#2465);
#2467=IFCCARTESIANPOINT((-125.,211.3,512.2));
#2468=IFCDIRECTION((1.,0.,0.));
#2469=IFCDIRECTION((0.,-1.,0.));
#2470=IFCAXIS2PLACEMENT3D(#2467,#2468,#2469);
#2471=IFCDIRECTION((0.,0.,1.));
#2472=IFCEXTRUDEDAREASOLID(#2466,#2470,#2471,96.1);
#2473=IFCSHAPEREPRESENTATION(#18,'Body','SweptSolid',(#2472));
#2474=IFCPRODUCTDEFINITIONSHAPE($,$,(#2473));
#2475=IFCFASTENER('0IXIPNDxD14AImBUFhSxWP',#6,'Weld Joint',$,'WELD',$,#2474,$);
#2476=IFCPROPERTYSINGLEVALUE('DesignCode','DesignCode',IFCLABEL('IS 800:2007'),$);
#2477=IFCPROPERTYSINGLEVALUE('ExportTime','ExportTime',IFCLABEL('2026-04-13 14:37:48'),$);
#2478=IFCPROPERTYSET('3IjXJt8mDA_vf6hi$rsRxx',#6,'Pset_OsdagDesignData',$,(#2476,#2477));
#2479=IFCRELDEFINESBYPROPERTIES('2Da$iLmQHAHRjwPy2RPCAR',#6,$,$,(#2475),#2478);
#2480=IFCPROPERTYSINGLEVALUE('WeldType','WeldType',IFCLABEL('Fillet'),$);
#2481=IFCPROPERTYSET('0bv_d_qFv9GB9kMwS_I6lH',#6,'Pset_WeldCommon',$,(#2480));
#2482=IFCRELDEFINESBYPROPERTIES('1X18o68W5719Nj6ygCzfvT',#6,$,$,(#2475),#2481);
#2483=IFCQUANTITYLENGTH('Length','Length',$,96.1);
#2484=IFCQUANTITYLENGTH('Depth','Depth',$,5.);
#2485=IFCELEMENTQUANTITY('0MZh5LMPn1WuBKdoXNBDzQ',#6,'Qto_WeldBaseQuantities',$,'Custom',(#2483,#2484));
#2486=IFCRELDEFINESBYPROPERTIES('0bEfa3jrP4c9vnoCVOnrcu',#6,$,$,(#2475),#2485);
#2487=IFCCARTESIANPOINT((0.,0.));
#2488=IFCCARTESIANPOINT((5.,0.));
#2489=IFCCARTESIANPOINT((0.,5.));
#2490=IFCCARTESIANPOINT((0.,0.));
#2491=IFCPOLYLINE((#2487,#2488,#2489,#2490));
#2492=IFCARBITRARYCLOSEDPROFILEDEF(.AREA.,$,#2491);
#2493=IFCCARTESIANPOINT((-125.,-211.3,530.2));
#2494=IFCDIRECTION((1.,0.,0.));
#2495=IFCDIRECTION((0.,1.,0.));
#2496=IFCAXIS2PLACEMENT3D(#2493,#2494,#2495);
#2497=IFCDIRECTION((0.,0.,1.));
#2498=IFCEXTRUDEDAREASOLID(#2492,#2496,#2497,96.1);
#2499=IFCSHAPEREPRESENTATION(#18,'Body','SweptSolid',(#2498));
#2500=IFCPRODUCTDEFINITIONSHAPE($,$,(#2499));
#2501=IFCFASTENER('0hqY$uvAH7Rg3eqJNVMApC',#6,'Weld Joint',$,'WELD',$,#2500,$);
#2502=IFCPROPERTYSINGLEVALUE('DesignCode','DesignCode',IFCLABEL('IS 800:2007'),$);
#2503=IFCPROPERTYSINGLEVALUE('ExportTime','ExportTime',IFCLABEL('2026-04-13 14:37:48'),$);
#2504=IFCPROPERTYSET('2Ke85AsH5EuBb9Iqw1bW4J',#6,'Pset_OsdagDesignData',$,(#2502,#2503));
#2505=IFCRELDEFINESBYPROPERTIES('0wNO98dlb97AVv1fB$jOG7',#6,$,$,(#2501),#2504);
#2506=IFCPROPERTYSINGLEVALUE('WeldType','WeldType',IFCLABEL('Fillet'),$);
#2507=IFCPROPERTYSET('0U_1jFlzb5cxEW1ltUix_E',#6,'Pset_WeldCommon',$,(#2506));
#2508=IFCRELDEFINESBYPROPERTIES('0fp1Mf5DvAWBZChWh0IQ2t',#6,$,$,(#2501),#2507);
#2509=IFCQUANTITYLENGTH('Length','Length',$,96.1);
#2510=IFCQUANTITYLENGTH('Depth','Depth',$,5.);
#2511=IFCELEMENTQUANTITY('0G3FDP$qz7gg9E3_yo$QtR',#6,'Qto_WeldBaseQuantities',$,'Custom',(#2509,#2510));
#2512=IFCRELDEFINESBYPROPERTIES('3AfTyYXVH6bRIF5cVys2ug',#6,$,$,(#2501),#2511);
#2513=IFCCARTESIANPOINT((0.,0.));
#2514=IFCCARTESIANPOINT((5.,0.));
#2515=IFCCARTESIANPOINT((0.,5.));
#2516=IFCCARTESIANPOINT((0.,0.));
#2517=IFCPOLYLINE((#2513,#2514,#2515,#2516));
#2518=IFCARBITRARYCLOSEDPROFILEDEF(.AREA.,$,#2517);
#2519=IFCCARTESIANPOINT((-4.9,-187.3,530.2));
#2520=IFCDIRECTION((0.,1.,0.));
#2521=IFCDIRECTION((-1.,0.,0.));
#2522=IFCAXIS2PLACEMENT3D(#2519,#2520,#2521);
#2523=IFCDIRECTION((0.,0.,1.));
#2524=IFCEXTRUDEDAREASOLID(#2518,#2522,#2523,374.6);
#2525=IFCSHAPEREPRESENTATION(#18,'Body','SweptSolid',(#2524));
#2526=IFCPRODUCTDEFINITIONSHAPE($,$,(#2525));
#2527=IFCFASTENER('3wjf6rNtr30O$tXFmqFpgd',#6,'Weld Joint',$,'WELD',$,#2526,$);
#2528=IFCPROPERTYSINGLEVALUE('DesignCode','DesignCode',IFCLABEL('IS 800:2007'),$);
#2529=IFCPROPERTYSINGLEVALUE('ExportTime','ExportTime',IFCLABEL('2026-04-13 14:37:48'),$);
#2530=IFCPROPERTYSET('2_q0seFsX14uaGN4qKCqXz',#6,'Pset_OsdagDesignData',$,(#2528,#2529));
#2531=IFCRELDEFINESBYPROPERTIES('1eVQlH5FnA1wrqUKZwA6D_',#6,$,$,(#2527),#2530);
#2532=IFCPROPERTYSINGLEVALUE('WeldType','WeldType',IFCLABEL('Fillet'),$);
#2533=IFCPROPERTYSET('2nXJlwazLB8992uHs_hINY',#6,'Pset_WeldCommon',$,(#2532));
#2534=IFCRELDEFINESBYPROPERTIES('2_HVWQ3qDCq8gYFJzmwBrR',#6,$,$,(#2527),#2533);
#2535=IFCQUANTITYLENGTH('Length','Length',$,374.6);
#2536=IFCQUANTITYLENGTH('Depth','Depth',$,5.);
#2537=IFCELEMENTQUANTITY('2IsR2STLD3iPK8gV0gdcpk',#6,'Qto_WeldBaseQuantities',$,'Custom',(#2535,#2536));
#2538=IFCRELDEFINESBYPROPERTIES('3lsXGMWHn2XhTHaEcLPIRH',#6,$,$,(#2527),#2537);
#2539=IFCCARTESIANPOINT((0.,0.));
#2540=IFCCARTESIANPOINT((5.,0.));
#2541=IFCCARTESIANPOINT((0.,5.));
#2542=IFCCARTESIANPOINT((0.,0.));
#2543=IFCPOLYLINE((#2539,#2540,#2541,#2542));
#2544=IFCARBITRARYCLOSEDPROFILEDEF(.AREA.,$,#2543);
#2545=IFCCARTESIANPOINT((-125.,211.3,530.2));
#2546=IFCDIRECTION((1.,0.,0.));
#2547=IFCDIRECTION((0.,0.,1.));
#2548=IFCAXIS2PLACEMENT3D(#2545,#2546,#2547);
#2549=IFCDIRECTION((0.,0.,1.));
#2550=IFCEXTRUDEDAREASOLID(#2544,#2548,#2549,96.1);
#2551=IFCSHAPEREPRESENTATION(#18,'Body','SweptSolid',(#2550));
#2552=IFCPRODUCTDEFINITIONSHAPE($,$,(#2551));
#2553=IFCFASTENER('2NyKl$YzTD2uwZxpDXm5HN',#6,'Weld Joint',$,'WELD',$,#2552,$);
#2554=IFCPROPERTYSINGLEVALUE('DesignCode','DesignCode',IFCLABEL('IS 800:2007'),$);
#2555=IFCPROPERTYSINGLEVALUE('ExportTime','ExportTime',IFCLABEL('2026-04-13 14:37:48'),$);
#2556=IFCPROPERTYSET('13wRX4kgj7qQhS_hJecrUy',#6,'Pset_OsdagDesignData',$,(#2554,#2555));
#2557=IFCRELDEFINESBYPROPERTIES('0pQH0716r3mwTQNLgg_WaB',#6,$,$,(#2553),#2556);
#2558=IFCPROPERTYSINGLEVALUE('WeldType','WeldType',IFCLABEL('Fillet'),$);
#2559=IFCPROPERTYSET('2lhnF7LQzFkhGeZwqNOjh$',#6,'Pset_WeldCommon',$,(#2558));
#2560=IFCRELDEFINESBYPROPERTIES('0mtPKaZ6151OLkteL_VPp4',#6,$,$,(#2553),#2559);
#2561=IFCQUANTITYLENGTH('Length','Length',$,96.1);
#2562=IFCQUANTITYLENGTH('Depth','Depth',$,5.);
#2563=IFCELEMENTQUANTITY('1W7Pz7Pnz6av2jDrgPU36D',#6,'Qto_WeldBaseQuantities',$,'Custom',(#2561,#2562));
#2564=IFCRELDEFINESBYPROPERTIES('298gqeypX42OISJI0rXdgC',#6,$,$,(#2553),#2563);
#2565=IFCELEMENTASSEMBLY('1aGsjg0prExvhUn9tx2ZUV',#6,'Connection_Beam-to-Column End Plate Connection',$,'CONNECTION',$,$,$,$,.USERDEFINED.);
#2566=IFCRELAGGREGATES('09eBSYBoT3Ix0rfXD123KX',#6,$,$,#2565,(#49,#218,#376,#548,#720,#892,#1064,#1252,#1296,#1340,#1384,#1428,#1472,#1516,#1560,#1598,#1636,#1674,#1712,#1750,#1788,#1826,#1864,#1881,#1905,#1929,#1955,#1981,#2007,#2033,#2059,#2085,#2111,#2137,#2163,#2189,#2215,#2241,#2267,#2293,#2319,#2345,#2371,#2397,#2423,#2449,#2475,#2501,#2527,#2553));
#2567=IFCPROPERTYSINGLEVALUE('DesignStatus','DesignStatus',IFCLABEL('False'),$);
#2568=IFCPROPERTYSET('2Sqi3hz5fDd91YXq2kjHrQ',#6,'Pset_OsdagDesignData',$,(#2567));
#2569=IFCRELDEFINESBYPROPERTIES('2nkB2lzmzAu9$73YNX5Pgf',#6,$,$,(#2565),#2568);
#2570=IFCRELCONTAINEDINSPATIALSTRUCTURE('2937MkHorCYBCyPLgOhyYT',#6,$,$,(#2565),#24);
ENDSEC;
END-ISO-10303-21;
